"Year","Month","Dekad","NDVI Anomaly"
2020,1,1,N/A,
2020,1,2,114.834823499807
2020,1,3,113.16576816662
2020,2,1,112.507616150359
2020,2,2,111.693277006956
2020,2,3,110.111611765136
2020,3,1,106.076893113076
2020,3,2,104.881380580681
2020,3,3,105.034001092494
2020,4,1,106.576241453169
2020,4,2,112.328526358813
2020,4,3,116.561937596434
2020,5,1,121.538578857089
2020,5,2,126.471862943386
2020,5,3,134.209315555739
2020,6,1,137.990290103711
2020,6,2,141.058478382727
2020,6,3,141.650405052999
2020,7,1,140.283459867197
2020,7,2,140.062169828081
2020,7,3,141.636646032415
2020,8,1,143.785477273915
2020,8,2,143.056763515394
2020,8,3,142.072531598386
2020,9,1,141.703552535448
2020,9,2,141.484456565109
2020,9,3,138.523057798243
2020,10,1,134.314969797887
2020,10,2,130.774608123934
2020,10,3,124.662537339999
2020,11,1,121.903159847754
2020,11,2,120.155447344174
2020,11,3,119.671884932693
2020,12,1,120.803050184745
2020,12,2,121.862122545285
2020,12,3,122.215943193725
2021,1,1,121.453113611073
2021,1,2,120.374887614973
2021,1,3,118.107929347774
2021,2,1,117.732186881357
2021,2,2,N/A,
2021,2,3,N/A,
2021,3,1,N/A,
2021,3,2,N/A,
2021,3,3,N/A,
2021,4,1,N/A,
2021,4,2,N/A,
2021,4,3,N/A,
2021,5,1,N/A,
2021,5,2,N/A,
2021,5,3,N/A,
2021,6,1,N/A,
2021,6,2,N/A,
2021,6,3,N/A,
2021,7,1,N/A,
2021,7,2,N/A,
2021,7,3,N/A,
2021,8,1,N/A,
2021,8,2,N/A,
2021,8,3,N/A,
2021,9,1,N/A,
2021,9,2,N/A,
2021,9,3,N/A,
2021,10,1,N/A,
2021,10,2,N/A,
2021,10,3,N/A,
2021,11,1,N/A,
2021,11,2,N/A,
2021,11,3,N/A,
2021,12,1,N/A,
2021,12,2,N/A,
2021,12,3,N/A,