Split,,Split 1,Split 1,Split 2,Split 2,Split 3,Split 3,Split 4,Split 4,Split 5,Split 5
Type,,mse_model,mse_naive,mse_model,mse_naive,mse_model,mse_naive,mse_model,mse_naive,mse_model,mse_naive
Country,AdminStrata,,,,,,,,,,
Cameroon,Adamawa,2.7522251202478514,1.758396243498726,17.949571300553238,4.782123666720635,6.645011051771224,4.44262119976777,28.070555278026468,17.365746910239075,11.674154861271575,8.594197137735051
Cameroon,Central,25.385067111572532,5.0503794542523055,52.346541109155496,50.61587509502683,6.876758008771049,14.749616014794883,47.73870647452574,33.69206845151043,26.767723621599107,41.816042541722354
Cameroon,Far-North,7.185277115509194,7.116255129829351,93.01724383874213,50.80324983515787,21.44426057005433,17.22139022820313,78.48922605702815,54.95168001130261,3.3304404358532236,2.5401681650069734
Cameroon,Littoral,24.762251342962088,7.030473959647315,11.73934106148368,7.694908155650115,64.18747830136091,56.34596882556752,20.002810804598667,4.357048055754913,13.453709765283216,19.65302386144762
Cameroon,North,6.5282796801311305,2.4827000070570358,16.24374159919733,4.220323474344548,44.07882857153492,32.98697918026634,45.23507813609254,33.02540720601765,20.88551421862862,23.11365494485687
Cameroon,North-West,10.502167862710271,15.18921005379196,38.54076931608161,20.575601338725708,6.584704938061951,19.540254764548305,4.73517143964921,5.299826788172746,45.27627116981598,22.172021274547436
Cameroon,West,18.278306898689454,14.504815681191813,15.372387429846599,3.846523459092692,4.11662539373879,2.373153435100978,4.934461041208794,2.392466958576792,5.610301101187882,3.85408932686945
