"Year","Month","Dekad","NDVI Anomaly"
2020,1,1,N/A,
2020,1,2,126.254725500205
2020,1,3,123.488352687046
2020,2,1,121.582559754087
2020,2,2,119.601807978432
2020,2,3,116.906041696495
2020,3,1,111.806271543178
2020,3,2,110.495449219961
2020,3,3,110.472950446961
2020,4,1,111.841421196625
2020,4,2,116.932939900319
2020,4,3,120.270846239414
2020,5,1,123.315804076629
2020,5,2,125.498474787699
2020,5,3,128.611079699849
2020,6,1,131.595680256449
2020,6,2,135.108219520498
2020,6,3,136.491697881232
2020,7,1,137.598730093707
2020,7,2,138.760619553307
2020,7,3,141.453685027153
2020,8,1,142.165884640651
2020,8,2,137.938441205144
2020,8,3,133.467857674686
2020,9,1,130.75980837887
2020,9,2,129.628320763925
2020,9,3,127.691938399827
2020,10,1,125.513876204575
2020,10,2,123.77955634801
2020,10,3,120.072757141411
2020,11,1,117.626986647674
2020,11,2,116.063435116947
2020,11,3,116.433277617563
2020,12,1,118.243863048406
2020,12,2,119.902593920186
2020,12,3,121.050618536647
2021,1,1,122.468256677885
2021,1,2,121.535760622658
2021,1,3,118.984560648904
2021,2,1,118.843701247157
2021,2,2,N/A,
2021,2,3,N/A,
2021,3,1,N/A,
2021,3,2,N/A,
2021,3,3,N/A,
2021,4,1,N/A,
2021,4,2,N/A,
2021,4,3,N/A,
2021,5,1,N/A,
2021,5,2,N/A,
2021,5,3,N/A,
2021,6,1,N/A,
2021,6,2,N/A,
2021,6,3,N/A,
2021,7,1,N/A,
2021,7,2,N/A,
2021,7,3,N/A,
2021,8,1,N/A,
2021,8,2,N/A,
2021,8,3,N/A,
2021,9,1,N/A,
2021,9,2,N/A,
2021,9,3,N/A,
2021,10,1,N/A,
2021,10,2,N/A,
2021,10,3,N/A,
2021,11,1,N/A,
2021,11,2,N/A,
2021,11,3,N/A,
2021,12,1,N/A,
2021,12,2,N/A,
2021,12,3,N/A,