Split,,Split 1,Split 1,Split 2,Split 2,Split 3,Split 3,Split 4,Split 4,Split 5,Split 5
Type,,mse_model,mse_naive,mse_model,mse_naive,mse_model,mse_naive,mse_model,mse_naive,mse_model,mse_naive
Country,AdminStrata,,,,,,,,,,
Syria,Aleppo,126.14972064069248,1.8064364353333404,38.36332601986895,3.3583412606666827,48.58566372587055,81.17110100466667,16.489586278748597,19.289415686999973,14.025667838157068,16.680909245666676
Syria,Ar-Raqqa,8.04413835068746,5.7269622863333325,27.549591669814603,29.18105003233332,9.033074595853272,19.291582502333327,171.26941393669898,129.85659890366676,25.297802785373005,19.99027646666663
Syria,As-Sweida,6.18811984952682,9.776199571666654,146.978918009074,116.90174574533336,9.272650605513714,22.317759681,75.64157287635285,13.172111500666666,8.243098767117083,14.445857458333336
Syria,Damascus,3.567992063549762,0.9678645936666669,231.24335484943737,199.91481670199997,27.612988292695604,20.734936324333326,9.139564774365214,15.534294123666657,71.54716001532161,41.91721978633344
Syria,Homs,21.057131101795374,105.69736151866665,4.195625043596048,7.9317398093333304,6.57069185172435,6.4658008406666605,11.741751589975213,19.377250979666673,5.861969708171353,14.549816721000044
Syria,Lattakia,14.732711089258435,15.77187503666667,47.0896873306823,58.93032990533332,20.273582694387205,15.24340208133332,39.568980426747565,27.671258493333326,25.47898091730762,26.38343811666667
Syria,Tartous,13.090047434562443,8.00154923166667,28.064820430961785,16.487837574000007,39.92934848456702,54.151990828999985,18.934928673853598,52.151534075666724,78.54597618503337,34.60880998233335
