Split,,Split 1,Split 1,Split 10,Split 10,Split 2,Split 2,Split 3,Split 3,Split 4,Split 4,Split 5,Split 5,Split 6,Split 6,Split 7,Split 7,Split 8,Split 8,Split 9,Split 9
Type,,mse_model,mse_naive,mse_model,mse_naive,mse_model,mse_naive,mse_model,mse_naive,mse_model,mse_naive,mse_model,mse_naive,mse_model,mse_naive,mse_model,mse_naive,mse_model,mse_naive,mse_model,mse_naive
Country,AdminStrata,,,,,,,,,,,,,,,,,,,,
Yemen,Abyan,18.117512514263126,4.922155269333328,21.89052127451622,2.596294448000009,67.95826051280353,1.684033752666667,6.49153724682642,5.79697053633333,4.564848785329466,4.175584415999996,23.5166702807683,17.76509441333335,4.089725199054802,3.8405135483333455,21.31066756204001,46.82845601833334,63.864924910880376,44.55790401166669,0.5384855141851173,2.8985690526666676
Yemen,Al Jawf,3.486382276372882,16.617082165000003,3.2244780155260724,3.3400319286666633,33.29323596100549,76.55837378933332,22.417023163124238,4.487249558333338,12.469707683089405,93.52402627566666,126.53745277348753,71.60650659566666,15.996456983214134,10.489926652666679,80.42901603982793,19.075109720333344,2.5841444937922713,7.338583197,2.3080207002397883,3.184497876333326
Yemen,Sana'a,5.846211499003898,10.686532293999994,17.465439627514517,17.07331808033334,3.402130528813142,5.401822036666668,52.08303915003973,29.886840299666666,68.46648213967238,5.409960338,40.24717878660445,11.124161797666671,32.40486969738213,83.40023473633333,47.25454674629018,5.6439877163333305,24.536433293142522,16.845441294000025,9.682627796031671,4.398879685666672
Yemen,Shabwah,7.774708150974025,27.671451829666694,15.95146059668537,4.444201837666667,1.8979196706112087,2.0801839356666663,0.8525563634761556,1.2182905906666668,5.893454035088725,12.151239950999996,70.88915793618162,28.705234426333323,11.057243165190387,10.98732346533332,40.83672995809447,3.244700456666672,2.119296559555997,1.3357405279999992,7.620020225544902,3.9921516739999983
