Split,,Split 1,Split 1,Split 2,Split 2,Split 3,Split 3,Split 4,Split 4,Split 5,Split 5
Type,,mse_model,mse_naive,mse_model,mse_naive,mse_model,mse_naive,mse_model,mse_naive,mse_model,mse_naive
Country,AdminStrata,,,,,,,,,,
Yemen,Dhamar,4.145888796165289,4.764920786179998,59.608072563468,65.31616424092678,58.581425722758304,56.50585310717013,56.993806016114306,44.61554383820651,37.54638560287465,54.01414809730677
Yemen,Ibb,45.057253410314054,42.0928981760266,20.229770369348056,11.058035720060019,17.425339422343697,18.83375232121996,44.35363539596406,7.079667734763336,14.798364044206458,32.6879508799068
Yemen,Lahj,2.2460068592426,20.280499421683363,137.25163178500603,32.81789130904668,7.031099985048159,9.850371526469987,15.749641749853106,21.38617592530664,8.057438803202158,13.852678768249996
Yemen,Marib,17.359617206158546,9.240289848616614,25.337854763190638,32.98862643273668,2.0615815843357463,2.506912640273313,2.2956689812910045,23.40917071720658,14.044068245406454,9.883425853286658
Yemen,Raymah,47.72611066360926,32.54869012921663,27.172941440406223,104.31784753988335,13.174090224307882,1.5679608713799942,23.085212729611154,9.449849339593333,1.4855091853378015,2.6784666184333434
Yemen,Sa'ada,6.309390303341729,0.838345193939999,10.365058245547102,16.403091232449984,10.290070507239601,30.02156910792001,17.505608987271685,16.60408955584003,8.213681313577153,9.66938269100332
Yemen,Taizz,32.347201207669656,24.73830509946332,4.247718557614174,18.26499241221344,29.399825056512316,29.88663841537,11.123734164625017,19.64369838095667,6.728550495377923,2.505120262206682
