"Year","Month","Dekad","NDVI Anomaly"
2020,1,1,N/A,
2020,1,2,129.911399971249
2020,1,3,130.69004003352
2020,2,1,131.343192007215
2020,2,2,131.221251377544
2020,2,3,130.295637042721
2020,3,1,125.247516627619
2020,3,2,121.901433807815
2020,3,3,119.869974643286
2020,4,1,119.561396144714
2020,4,2,123.907165434979
2020,4,3,127.102474946546
2020,5,1,129.433074364777
2020,5,2,130.925259810779
2020,5,3,130.733948726947
2020,6,1,129.427917703977
2020,6,2,128.472261751219
2020,6,3,127.217216436843
2020,7,1,124.622403881853
2020,7,2,124.244393491668
2020,7,3,126.565219990987
2020,8,1,136.284227855473
2020,8,2,139.450421428925
2020,8,3,139.772889515226
2020,9,1,138.856772626038
2020,9,2,133.989960055552
2020,9,3,129.999040700127
2020,10,1,125.555981965936
2020,10,2,121.564914640629
2020,10,3,115.168212241881
2020,11,1,112.164060993021
2020,11,2,110.20428887553
2020,11,3,110.64268601698
2020,12,1,112.738434415646
2020,12,2,114.680352495273
2020,12,3,115.620790096876
2021,1,1,115.36662136312
2021,1,2,114.61720221164
2021,1,3,113.780104828137
2021,2,1,114.572182228618
2021,2,2,N/A,
2021,2,3,N/A,
2021,3,1,N/A,
2021,3,2,N/A,
2021,3,3,N/A,
2021,4,1,N/A,
2021,4,2,N/A,
2021,4,3,N/A,
2021,5,1,N/A,
2021,5,2,N/A,
2021,5,3,N/A,
2021,6,1,N/A,
2021,6,2,N/A,
2021,6,3,N/A,
2021,7,1,N/A,
2021,7,2,N/A,
2021,7,3,N/A,
2021,8,1,N/A,
2021,8,2,N/A,
2021,8,3,N/A,
2021,9,1,N/A,
2021,9,2,N/A,
2021,9,3,N/A,
2021,10,1,N/A,
2021,10,2,N/A,
2021,10,3,N/A,
2021,11,1,N/A,
2021,11,2,N/A,
2021,11,3,N/A,
2021,12,1,N/A,
2021,12,2,N/A,
2021,12,3,N/A,