Split,,Split 1,Split 1,Split 2,Split 2,Split 3,Split 3,Split 4,Split 4,Split 5,Split 5
Type,,mse_model,mse_naive,mse_model,mse_naive,mse_model,mse_naive,mse_model,mse_naive,mse_model,mse_naive
Country,AdminStrata,,,,,,,,,,
Burkina Faso,Centre,6.432007582749934,2.4929829642425143,3.8165445008694667,5.110101629610594,158.12043466389,107.88335082196262,38.80641351339047,70.77068460623887,28.141552346719592,21.054796227659413
Burkina Faso,Centre-Est,5.587795512474025,35.227466020517845,35.647570053011684,16.06194893339238,35.18335524218427,13.433354340538276,12.168739642587001,4.748616456199887,19.088922452891108,63.30767419271683
Burkina Faso,Centre-Sud,15.874893207788233,14.278366599927763,14.96742887162176,13.122780456242408,9.164048952433388,4.638876428968955,19.141432710232834,4.3734394504625635,13.19531830080806,12.394403614376234
Burkina Faso,Hauts-Bassins,4.1476599468435085,4.368272747194313,8.928426685492171,11.145014162560459,19.732195207248246,20.0420712149077,14.325372602319126,4.3604704538679915,92.52836112673117,28.469101817041985
Burkina Faso,Nord,37.787026447484934,25.08972420443188,35.27769150419316,66.7537735203755,88.91064428070834,51.8934201841615,16.124711026653635,13.38253404623258,9.912276680940453,11.338314611785451
Burkina Faso,Sahel,4.807816690181878,5.440710273681868,49.8438995461587,45.45860642885075,24.28289085869857,31.538421962778212,34.158194823467674,61.771289506288035,37.70185445613495,7.515263024973247
Burkina Faso,Sud-Ouest,13.84280850523839,25.684917046170952,12.03002036057977,12.265022131502981,36.079293531057175,9.605220329188107,28.09261791021011,17.807908923171148,34.40606574285254,17.70471258055301
