Split,,Split 1,Split 1,Split 2,Split 2,Split 3,Split 3,Split 4,Split 4,Split 5,Split 5
Type,,mse_model,mse_naive,mse_model,mse_naive,mse_model,mse_naive,mse_model,mse_naive,mse_model,mse_naive
Country,AdminStrata,,,,,,,,,,
Syria,Al-Hasakeh,4.464006030236004,2.7565354383333376,17.65185944427418,8.605649517999995,2.3474582183320307,1.5706915453333317,10.1049016992387,10.831546161999993,36.97884337742164,37.18248264299996
Syria,As-Sweida,6.799713185965307,9.776199571666654,137.5245927975833,116.90174574533336,10.065395311335447,22.317759681,62.106923766152676,13.172111500666666,7.157169069159432,14.445857458333336
Syria,Damascus,67.72408356719299,0.9678645936666669,217.61472200825716,199.91481670199997,27.337384701873148,20.734936324333326,6.552526895747891,15.534294123666657,70.8904759907817,41.91721978633344
Syria,Deir-ez-Zor,52.36874858922083,31.717659926666702,5.918311228869611,7.86715528100001,38.23624444720595,31.638379220666685,111.31620936081531,107.92616638233328,20.756616296902042,14.979016266333325
Syria,Hama,82.25287981046435,88.48749057333333,7.3343006735240985,8.320707287333358,16.03794285272824,10.58321529000001,26.625601256890807,19.31239148600001,7.958721477093007,14.09701934033331
Syria,Homs,77.33069486159815,105.69736151866665,8.113876001138712,7.9317398093333304,6.271574731926155,6.4658008406666605,5.678255196823588,19.377250979666673,13.870004845720574,14.549816721000044
Syria,Rural Damascus,199.2711587731179,135.95320468566663,20.84722068158496,109.52204350899994,10.442331111781394,5.468517632999989,1.15875411236247,6.765383777999994,12.295082358838984,14.018593764000007
