"Year","Month","Dekad","NDVI Anomaly"
2020,1,1,N/A,
2020,1,2,111.730891004348
2020,1,3,112.063399605805
2020,2,1,112.054612054612
2020,2,2,111.728681610351
2020,2,3,110.776434858064
2020,3,1,108.085501504825
2020,3,2,107.258039722068
2020,3,3,107.803277969858
2020,4,1,109.745547863699
2020,4,2,116.341869762977
2020,4,3,119.550291033918
2020,5,1,121.396172029755
2020,5,2,121.958789759109
2020,5,3,122.952809187726
2020,6,1,124.505003665701
2020,6,2,126.123160217533
2020,6,3,126.812087375468
2020,7,1,128.125725190543
2020,7,2,130.110473968964
2020,7,3,132.69262472438
2020,8,1,134.66535045656
2020,8,2,131.740218836132
2020,8,3,127.580282806925
2020,9,1,123.274486801138
2020,9,2,116.946475847071
2020,9,3,114.770541613361
2020,10,1,112.706153549225
2020,10,2,110.926048359452
2020,10,3,108.412452691872
2020,11,1,107.712933220813
2020,11,2,107.571393296365
2020,11,3,107.148359475951
2020,12,1,106.560732221073
2020,12,2,105.963617720569
2020,12,3,105.821238377616
2021,1,1,107.214659857418
2021,1,2,108.079955851295
2021,1,3,108.57628944872
2021,2,1,108.880997790089
2021,2,2,N/A,
2021,2,3,N/A,
2021,3,1,N/A,
2021,3,2,N/A,
2021,3,3,N/A,
2021,4,1,N/A,
2021,4,2,N/A,
2021,4,3,N/A,
2021,5,1,N/A,
2021,5,2,N/A,
2021,5,3,N/A,
2021,6,1,N/A,
2021,6,2,N/A,
2021,6,3,N/A,
2021,7,1,N/A,
2021,7,2,N/A,
2021,7,3,N/A,
2021,8,1,N/A,
2021,8,2,N/A,
2021,8,3,N/A,
2021,9,1,N/A,
2021,9,2,N/A,
2021,9,3,N/A,
2021,10,1,N/A,
2021,10,2,N/A,
2021,10,3,N/A,
2021,11,1,N/A,
2021,11,2,N/A,
2021,11,3,N/A,
2021,12,1,N/A,
2021,12,2,N/A,
2021,12,3,N/A,