Split,,Split 1,Split 1,Split 2,Split 2,Split 3,Split 3,Split 4,Split 4,Split 5,Split 5
Type,,mse_model,mse_naive,mse_model,mse_naive,mse_model,mse_naive,mse_model,mse_naive,mse_model,mse_naive
Country,AdminStrata,,,,,,,,,,
Syria,Al-Hasakeh,6.260411664920624,2.7565354383333376,28.508473442647322,8.605649517999995,2.848917231509399,1.5706915453333317,10.556650297830467,10.831546161999993,36.977100473062734,37.18248264299996
Syria,Aleppo,134.8881184339224,1.8064364353333404,6.044225164961104,3.3583412606666827,92.4864031103961,81.17110100466667,22.009347201665136,19.289415686999973,23.305376329984597,16.680909245666676
Syria,As-Sweida,4.700317611641347,9.776199571666654,150.90938711855677,116.90174574533336,11.640801109728896,22.317759681,56.050055732074156,13.172111500666666,5.029668623253025,14.445857458333336
Syria,Dar'a,9.462735953364257,15.511775825666662,78.17426514539912,67.80867061699999,45.22921995661555,54.680205187000034,14.737345307717797,19.517479015333304,60.38747899784154,29.621680870333314
Syria,Deir-ez-Zor,23.209191597374197,31.717659926666702,7.123122904883719,7.86715528100001,30.171880514838374,31.638379220666685,59.44220803188174,107.92616638233328,20.762519664474,14.979016266333325
Syria,Rural Damascus,80.31666334313421,135.95320468566663,12.257811179074366,109.52204350899994,4.986155882346426,5.468517632999989,1.0419080299467192,6.765383777999994,14.604382209856716,14.018593764000007
Syria,Tartous,13.52526238129879,8.00154923166667,26.17472649219424,16.487837574000007,15.444673188174981,54.151990828999985,18.2329056715825,52.151534075666724,62.106535366520326,34.60880998233335
