Split,,Split 1,Split 1,Split 2,Split 2,Split 3,Split 3,Split 4,Split 4,Split 5,Split 5
Type,,mse_model,mse_naive,mse_model,mse_naive,mse_model,mse_naive,mse_model,mse_naive,mse_model,mse_naive
Country,AdminStrata,,,,,,,,,,
Syria,Al-Hasakeh,5.592820008933484,2.7565354383333376,19.331692044138936,8.605649517999995,2.378010121858962,1.5706915453333317,10.998088134864155,10.831546161999993,29.391960736273216,37.18248264299996
Syria,Aleppo,107.65463977451827,1.8064364353333404,20.130407969797503,3.3583412606666827,81.9591899120923,81.17110100466667,15.008334566636677,19.289415686999973,13.817852833698828,16.680909245666676
Syria,As-Sweida,4.7496015327371595,9.776199571666654,134.0281590292302,116.90174574533336,14.404956232730832,22.317759681,66.8837342933492,13.172111500666666,13.877762003826389,14.445857458333336
Syria,Hama,34.083712791194735,88.48749057333333,4.6170933048702905,8.320707287333358,9.934591466713439,10.58321529000001,26.008869962670516,19.31239148600001,4.820420460354725,14.09701934033331
Syria,Homs,32.26605417814862,105.69736151866665,5.903608036352835,7.9317398093333304,4.239811883266471,6.4658008406666605,6.6479334099955745,19.377250979666673,3.7305369503635384,14.549816721000044
Syria,Rural Damascus,62.13776833018641,135.95320468566663,13.347259715032456,109.52204350899994,9.02758184092937,5.468517632999989,2.0223360979664027,6.765383777999994,12.449917096516009,14.018593764000007
Syria,Tartous,11.351628064319979,8.00154923166667,26.690253616179515,16.487837574000007,20.129314194211247,54.151990828999985,19.526067516540532,52.151534075666724,50.793098384735984,34.60880998233335
