Split,,Split 1,Split 1,Split 2,Split 2,Split 3,Split 3,Split 4,Split 4,Split 5,Split 5
Type,,mse_model,mse_naive,mse_model,mse_naive,mse_model,mse_naive,mse_model,mse_naive,mse_model,mse_naive
Country,AdminStrata,,,,,,,,,,
Mali,Bamako,7.900624154596065,35.8093162238567,86.06125172853149,12.688159842506685,255.40166270155459,5.0168103870399765,181.93632170712564,12.10817349453997,24.088294758284917,3.25915400680668
Mali,Kayes,17.845792410659634,14.102631406659981,10.674407567267826,19.1854960934033,52.808537998483224,30.330377979530112,6.520516848855141,10.158647220633275,25.43503252864797,20.976323579796766
Mali,Koulikoro,3.5082391049678,1.88214316055334,26.92722774400345,12.344303900193381,121.34342557343793,48.00274186874323,71.35505981091195,24.081040718333337,4.895156125251599,4.711016760700001
Mali,Mopti,82.81663900189407,18.728131325919954,46.59881021560857,89.36262622251671,346.3263112652601,49.3791368650499,191.24441731954067,6.454491903160103,4.042099778483791,7.725499503240002
Mali,Segou,10.685465917566834,7.234756011800011,52.85457829186427,30.790390330776745,110.97503188879577,4.632648508216657,91.82273937054964,5.989529546866708,8.430920778864039,12.068494129596608
Mali,Sikasso,28.91273676363118,90.82107599586695,9.570061065617942,5.896166476306661,7.500225285998102,12.772744962400028,28.994455964365258,16.96536097395668,54.38568000213287,47.66817347949659
Mali,Tombouctou-Taoudeni,278.89345572399344,120.13923897641006,410.81401066531515,440.6207228155366,58.506792852619036,210.85093679923978,40.093658584057174,21.160623942180017,207.69129400998958,94.96386040716676
