Split,,Split 1,Split 1,Split 2,Split 2,Split 3,Split 3,Split 4,Split 4,Split 5,Split 5
Type,,mse_model,mse_naive,mse_model,mse_naive,mse_model,mse_naive,mse_model,mse_naive,mse_model,mse_naive
Country,AdminStrata,,,,,,,,,,
Yemen,Abyan,2.446648147220557,11.469778378336716,22.885078985504013,47.46333810923329,24.793521829645687,2.562262732823341,32.1571937411752,110.21395874266975,5.982602125021405,5.411622772159979
Yemen,Al Dhale'e,19.0814340740446,11.317677782406669,16.956304900276727,3.708601608640023,28.66658606171819,6.128524721966664,14.269875093421053,15.425820464050002,11.004164332802386,1.3156691610799707
Yemen,Al Mahwit,5.415733592595404,8.521512758513323,4.398293455220851,5.235963224606663,22.857056237002535,21.39344079657998,60.28840796803558,80.91255504618002,38.20091562675318,54.356285330786584
Yemen,Amran,14.67876407756754,21.380733291436673,19.29869587904836,49.163851064243296,28.38379261652839,32.23866622015677,6.1955943374772025,3.3344980451299966,9.900624378054419,4.479437262726668
Yemen,Dhamar,2.3471248762343007,4.764920786179998,53.24837513166109,65.31616424092678,20.183319658832488,56.50585310717013,36.05341469749177,44.61554383820651,9.63627596877597,54.01414809730677
Yemen,Hajjah,29.980892836568355,45.30948046028005,10.112569856640926,6.564078486226638,33.713695890668276,4.863754883263376,8.902710125077181,10.778458864833324,24.95009285973655,17.99320162650336
Yemen,Sana'a,5.297668311507625,23.94729784385991,4.520523621870991,2.082498325223346,2.2817233348823582,1.688795622669994,14.535230387756854,22.72457861398001,42.08958869079581,39.476056263123375
