Split,,Split 10,Split 10,Split 7,Split 7,Split 8,Split 8,Split 9,Split 9
Type,,mse_model,mse_naive,mse_model,mse_naive,mse_model,mse_naive,mse_model,mse_naive
Country,AdminStrata,,,,,,,,
Yemen,Abyan,36.17620899878441,2.596294448000009,15.965040370983239,46.82845601833334,87.87800102297602,44.55790401166669,6.806419387234282,2.8985690526666676
Yemen,Al Dhale'e,31.57214229404364,5.162300602999998,21.253242442048556,3.045780589333332,100.14849093045264,17.157256102333307,61.066671195242584,5.4421651806666524
Yemen,Hajjah,11.885414375632902,37.20455881133333,39.33935112178665,8.581480388666678,40.365001936433494,7.456721025333334,31.752891611864623,14.221024356999996
