Split,,Split 1,Split 1,Split 2,Split 2,Split 3,Split 3,Split 4,Split 4,Split 5,Split 5
Type,,mse_model,mse_naive,mse_model,mse_naive,mse_model,mse_naive,mse_model,mse_naive,mse_model,mse_naive
Country,AdminStrata,,,,,,,,,,
Yemen,Abyan,1.4287895255381693,11.469778378336716,25.941794972609273,47.46333810923329,2.6082852396075236,2.562262732823341,11.679480238867864,110.21395874266975,2.1549920308975294,5.411622772159979
Yemen,Al Jawf,2.6564528124654334,8.318477226116618,12.389424750865722,1.8249558792933516,12.26773965999066,23.96864279474334,1.2808078604261057,5.972052654049971,3.4099614488814045,2.508051633870003
Yemen,Al Maharah,2.616697551050231,3.263381460043329,23.245039732927,13.625415652756658,44.62092630842657,15.147434601519997,3.4449592955382116,6.532452944473315,6.194912294189564,11.154116352419978
Yemen,Dhamar,3.137456811623929,4.764920786179998,76.61971611915533,65.31616424092678,90.96418704075447,56.50585310717013,56.79348919210141,44.61554383820651,51.454593227649426,54.01414809730677
Yemen,Lahj,3.1705356257936628,20.280499421683363,98.97805739438007,32.81789130904668,3.9850112297649587,9.850371526469987,19.562720338639945,21.38617592530664,2.5370564567557925,13.852678768249996
Yemen,Sana'a,7.437331227842816,23.94729784385991,7.0759595564968345,2.082498325223346,1.2095051940568666,1.688795622669994,15.023886643710869,22.72457861398001,38.163245699611714,39.476056263123375
Yemen,Shabwah,57.570777151740536,2.9553599594333266,2.0947689395957463,1.7878127153599845,5.926435066814022,4.283264231343319,45.28568893876969,4.230045270373313,9.866982385837284,2.931534826369999
