Split,,Split 1,Split 1,Split 2,Split 2,Split 3,Split 3,Split 4,Split 4,Split 5,Split 5
Type,,mse_model,mse_naive,mse_model,mse_naive,mse_model,mse_naive,mse_model,mse_naive,mse_model,mse_naive
Country,AdminStrata,,,,,,,,,,
Burkina Faso,Boucle-Du-Mouhoun,9.878987883311352,4.087612384331326,12.78884095318383,8.286108992307634,11.726278352796461,4.0789152938152204,7.208532822129961,2.7627410213623853,11.034627395303248,3.547194691379882
Burkina Faso,Centre,28.0666789298075,2.4929829642425143,2.947783079522728,5.110101629610594,101.30451371662365,107.88335082196262,14.330903948419147,70.77068460623887,15.020341120348196,21.054796227659413
Burkina Faso,Centre-Est,7.0569914548594515,35.227466020517845,15.849370061262247,16.06194893339238,11.534052893924114,13.433354340538276,6.97942369718248,4.748616456199887,29.274064193873123,63.30767419271683
Burkina Faso,Centre-Nord,28.63201143204664,7.684967635927752,26.381294036240483,13.236369633676754,32.90121239764185,5.359064817033622,121.3528065124411,8.050120832630007,30.55793490750305,51.40694978955064
Burkina Faso,Centre-Ouest,59.12255125067091,115.2270707275579,11.280293187465583,52.79818560257458,7.055164139011109,5.663564417005061,10.074720289856256,14.864263739033428,14.336513003337835,14.193121831005177
Burkina Faso,Est,11.937879956546494,4.2422533466107435,24.41458266048627,24.143477514495753,25.859534917483163,63.05832945833424,102.97061094842893,58.718139921751266,31.68780446450504,85.13795875411225
Burkina Faso,Nord,35.573108688348064,25.08972420443188,39.46410956202513,66.7537735203755,61.690932113121576,51.8934201841615,39.37353387134433,13.38253404623258,13.512191941576065,11.338314611785451
