"Year","Month","Dekad","NDVI Anomaly"
2020,1,1,N/A,
2020,1,2,110.638722863159
2020,1,3,111.15283849199
2020,2,1,111.280807773038
2020,2,2,111.058064743774
2020,2,3,109.973879080786
2020,3,1,107.00159748362
2020,3,2,105.904807479735
2020,3,3,105.230917339241
2020,4,1,105.018675835957
2020,4,2,106.589918410732
2020,4,3,108.772052561139
2020,5,1,111.761636929004
2020,5,2,114.693166613959
2020,5,3,118.956479909234
2020,6,1,120.685606013268
2020,6,2,121.533058113625
2020,6,3,120.876677005794
2020,7,1,119.061198862102
2020,7,2,119.510945124173
2020,7,3,121.42388259469
2020,8,1,127.002523556842
2020,8,2,128.583168234263
2020,8,3,129.077870345738
2020,9,1,129.237285936016
2020,9,2,128.868955530798
2020,9,3,126.749361788622
2020,10,1,123.97417067124
2020,10,2,121.161714671547
2020,10,3,116.950886634284
2020,11,1,115.102295041157
2020,11,2,113.890195176665
2020,11,3,112.761453693736
2020,12,1,112.709188979658
2020,12,2,112.829469274304
2020,12,3,112.680112220081
2021,1,1,111.922424539677
2021,1,2,111.575056500229
2021,1,3,110.368957342744
2021,2,1,110.301983885165
2021,2,2,N/A,
2021,2,3,N/A,
2021,3,1,N/A,
2021,3,2,N/A,
2021,3,3,N/A,
2021,4,1,N/A,
2021,4,2,N/A,
2021,4,3,N/A,
2021,5,1,N/A,
2021,5,2,N/A,
2021,5,3,N/A,
2021,6,1,N/A,
2021,6,2,N/A,
2021,6,3,N/A,
2021,7,1,N/A,
2021,7,2,N/A,
2021,7,3,N/A,
2021,8,1,N/A,
2021,8,2,N/A,
2021,8,3,N/A,
2021,9,1,N/A,
2021,9,2,N/A,
2021,9,3,N/A,
2021,10,1,N/A,
2021,10,2,N/A,
2021,10,3,N/A,
2021,11,1,N/A,
2021,11,2,N/A,
2021,11,3,N/A,
2021,12,1,N/A,
2021,12,2,N/A,
2021,12,3,N/A,