Split,,Split 1,Split 1,Split 2,Split 2,Split 3,Split 3,Split 4,Split 4,Split 5,Split 5
Type,,mse_model,mse_naive,mse_model,mse_naive,mse_model,mse_naive,mse_model,mse_naive,mse_model,mse_naive
Country,AdminStrata,,,,,,,,,,
Cameroon,Adamawa,9.907977738547313,1.758396243498726,9.98702398840686,4.782123666720635,6.414358271668876,4.44262119976777,16.708763656380707,17.365746910239075,11.721758819614955,8.594197137735051
Cameroon,Far-North,3.2091943181939984,7.116255129829351,68.34208745193025,50.80324983515787,11.615958215977166,17.22139022820313,84.51001181440891,54.95168001130261,2.535264646242099,2.5401681650069734
Cameroon,Littoral,29.43492909633648,7.030473959647315,11.059165488792125,7.694908155650115,17.662554173600956,56.34596882556752,19.6331894044775,4.357048055754913,11.00023070447346,19.65302386144762
Cameroon,North,19.3613789336159,2.4827000070570358,3.567038517924746,4.220323474344548,32.33252394982824,32.98697918026634,48.83745549100532,33.02540720601765,24.36607564308679,23.11365494485687
Cameroon,North-West,13.307945943791784,15.18921005379196,33.563417043761554,20.575601338725708,10.591063285080356,19.540254764548305,13.778456523472249,5.299826788172746,35.07313334843521,22.172021274547436
Cameroon,South-West,2.8113942225044295,1.427965647006244,40.778740959723926,3.304795429968021,56.88242806672846,31.76158478572033,14.27487796891207,22.856370136226,87.18440313544167,57.08434315306589
Cameroon,West,13.654621388789776,14.504815681191813,3.5686262035780647,3.846523459092692,15.384924856086736,2.373153435100978,2.6790182675822463,2.392466958576792,6.582377916274613,3.85408932686945
