Split,,Split 1,Split 1,Split 2,Split 2,Split 3,Split 3,Split 4,Split 4,Split 5,Split 5
Type,,mse_model,mse_naive,mse_model,mse_naive,mse_model,mse_naive,mse_model,mse_naive,mse_model,mse_naive
Country,AdminStrata,,,,,,,,,,
Mali,Bamako,1.2358541708645723,35.8093162238567,83.87589037617701,12.688159842506685,199.55141748642706,5.0168103870399765,171.74088088633874,12.10817349453997,24.526531327462916,3.25915400680668
Mali,Kayes,20.22758025698592,14.102631406659981,13.190206002318176,19.1854960934033,68.9831588048319,30.330377979530112,4.369992631384206,10.158647220633275,28.09197927561325,20.976323579796766
Mali,Koulikoro,2.7883791930564326,1.88214316055334,28.78571496837378,12.344303900193381,124.05527161801464,48.00274186874323,63.408584543448335,24.081040718333337,4.832835671249859,4.711016760700001
Mali,Mopti,96.19862485236244,18.728131325919954,34.16818816478304,89.36262622251671,364.93745261616544,49.3791368650499,147.08346521909556,6.454491903160103,4.213953764737117,7.725499503240002
Mali,Segou,13.811413869008552,7.234756011800011,58.03692379396138,30.790390330776745,97.6575414844609,4.632648508216657,88.16333784333483,5.989529546866708,11.116513608760119,12.068494129596608
Mali,Sikasso,22.902547155436615,90.82107599586695,10.412241590672123,5.896166476306661,7.831615199670754,12.772744962400028,18.603701241160294,16.96536097395668,56.92896763116442,47.66817347949659
Mali,Tombouctou-Taoudeni,240.3156611703216,120.13923897641006,467.6320386645356,440.6207228155366,62.250814069800185,210.85093679923978,45.525523043198476,21.160623942180017,303.02698035166355,94.96386040716676
