Split,,Split 10,Split 10,Split 8,Split 8,Split 9,Split 9
Type,,mse_model,mse_naive,mse_model,mse_naive,mse_model,mse_naive
Country,AdminStrata,,,,,,
Yemen,Abyan,30.604650388519314,2.596294448000009,26.14239107719484,44.55790401166669,58.518591674227416,2.8985690526666676
Yemen,Aden,20.043743338971346,32.17564816566664,2.659356385154624,17.523471242333333,27.47015371351569,25.670935506666662
Yemen,Al Dhale'e,14.504933747820896,5.162300602999998,53.754565983632844,17.157256102333307,18.171633653374965,5.4421651806666524
Yemen,Ibb,22.925931227805066,6.548419001999999,27.042903628348558,3.8140043469999965,28.740993015587964,3.1817651573333356
Yemen,Marib,18.739387794290625,4.2594913126666665,2.8997528406311726,2.1991737229999986,29.9838151152538,43.45955882199998
Yemen,Sana'a,3.994095045697883,17.07331808033334,29.18536704355928,16.845441294000025,22.177563148107954,4.398879685666672
Yemen,Shabwah,22.16178273394646,4.444201837666667,2.6089427562880183,1.3357405279999992,3.4644575198174765,3.9921516739999983
