"Year","Month","Dekad","NDVI Anomaly"
2020,1,1,N/A,
2020,1,2,101.055732537492
2020,1,3,100.864355945914
2020,2,1,100.755962009706
2020,2,2,100.60782606483
2020,2,3,100.412150089339
2020,3,1,100.07311379195
2020,3,2,100.019965807859
2020,3,3,100.071355935317
2020,4,1,100.381568636406
2020,4,2,101.417205522959
2020,4,3,101.909765131806
2020,5,1,102.316719586704
2020,5,2,102.679518998788
2020,5,3,103.233775222275
2020,6,1,103.591316250757
2020,6,2,103.990264162791
2020,6,3,104.387297015192
2020,7,1,105.072346752201
2020,7,2,105.310206736443
2020,7,3,105.469638228608
2020,8,1,105.412772233331
2020,8,2,105.356190020655
2020,8,3,105.103400655188
2020,9,1,104.767799463377
2020,9,2,104.229872132443
2020,9,3,104.025651643444
2020,10,1,103.839758585845
2020,10,2,103.711928162717
2020,10,3,103.683826800999
2020,11,1,103.585260339728
2020,11,2,103.476870497865
2020,11,3,103.164773700131
2020,12,1,103.047679238782
2020,12,2,102.934961374436
2020,12,3,102.842736515217
2021,1,1,102.73763928533
2021,1,2,102.73050774477
2021,1,3,102.762189348819
2021,2,1,102.838115993335
2021,2,2,N/A,
2021,2,3,N/A,
2021,3,1,N/A,
2021,3,2,N/A,
2021,3,3,N/A,
2021,4,1,N/A,
2021,4,2,N/A,
2021,4,3,N/A,
2021,5,1,N/A,
2021,5,2,N/A,
2021,5,3,N/A,
2021,6,1,N/A,
2021,6,2,N/A,
2021,6,3,N/A,
2021,7,1,N/A,
2021,7,2,N/A,
2021,7,3,N/A,
2021,8,1,N/A,
2021,8,2,N/A,
2021,8,3,N/A,
2021,9,1,N/A,
2021,9,2,N/A,
2021,9,3,N/A,
2021,10,1,N/A,
2021,10,2,N/A,
2021,10,3,N/A,
2021,11,1,N/A,
2021,11,2,N/A,
2021,11,3,N/A,
2021,12,1,N/A,
2021,12,2,N/A,
2021,12,3,N/A,