Split,,Split 1,Split 1,Split 2,Split 2,Split 3,Split 3,Split 4,Split 4,Split 5,Split 5
Type,,mse_model,mse_naive,mse_model,mse_naive,mse_model,mse_naive,mse_model,mse_naive,mse_model,mse_naive
Country,AdminStrata,,,,,,,,,,
Cameroon,Adamawa,5.636360687807396,1.758396243498726,13.489165648635515,4.782123666720635,4.170332319231361,4.44262119976777,32.71168986987187,17.365746910239075,10.701658236217943,8.594197137735051
Cameroon,Central,28.392472954395732,5.0503794542523055,104.9232354102059,50.61587509502683,11.375642769307161,14.749616014794883,46.56141922079619,33.69206845151043,7.659735793770649,41.816042541722354
Cameroon,Far-North,4.663797293176928,7.116255129829351,68.92846844370274,50.80324983515787,17.393368149488545,17.22139022820313,86.7655927097144,54.95168001130261,4.133844892314864,2.5401681650069734
Cameroon,Littoral,14.906542574707144,7.030473959647315,8.37680785974902,7.694908155650115,31.87300897088104,56.34596882556752,14.055735783559069,4.357048055754913,8.53231338233265,19.65302386144762
Cameroon,North,5.540769465992319,2.4827000070570358,8.45887200104552,4.220323474344548,26.555856846659463,32.98697918026634,62.987562981040654,33.02540720601765,21.93465820608178,23.11365494485687
Cameroon,South-West,2.5524131623711566,1.427965647006244,38.457167656350016,3.304795429968021,26.311879598570695,31.76158478572033,12.325433751687115,22.856370136226,109.72951671003673,57.08434315306589
Cameroon,West,18.158171271669463,14.504815681191813,16.661424319556183,3.846523459092692,19.5930060313478,2.373153435100978,3.0988482079995796,2.392466958576792,6.422092825694561,3.85408932686945
