Split,,Split 1,Split 1,Split 2,Split 2,Split 3,Split 3,Split 4,Split 4,Split 5,Split 5
Type,,mse_model,mse_naive,mse_model,mse_naive,mse_model,mse_naive,mse_model,mse_naive,mse_model,mse_naive
Country,AdminStrata,,,,,,,,,,
Mali,Bamako,4.791188183480596,35.8093162238567,94.49242181247891,12.688159842506685,208.415005278028,5.0168103870399765,183.60661213784277,12.10817349453997,23.867441621567,3.25915400680668
Mali,Kayes,12.86060729020444,14.102631406659981,12.618514552838661,19.1854960934033,43.23066816454386,30.330377979530112,4.714987653210076,10.158647220633275,26.110223870382224,20.976323579796766
Mali,Koulikoro,2.4845055680523136,1.88214316055334,25.822289801482036,12.344303900193381,141.6857375900677,48.00274186874323,59.17131935079047,24.081040718333337,4.30298103854397,4.711016760700001
Mali,Mopti,84.26669505183357,18.728131325919954,46.28851548218084,89.36262622251671,333.4427021345064,49.3791368650499,229.4989508189606,6.454491903160103,3.4243838119624015,7.725499503240002
Mali,Segou,14.144580532588941,7.234756011800011,61.87292881633486,30.790390330776745,100.87319304307076,4.632648508216657,79.33543343389509,5.989529546866708,9.41556194913019,12.068494129596608
Mali,Sikasso,21.102379756864444,90.82107599586695,10.048590525292598,5.896166476306661,5.666554937258584,12.772744962400028,27.735221554074467,16.96536097395668,53.00065424879242,47.66817347949659
Mali,Tombouctou-Taoudeni,260.67395227837017,120.13923897641006,389.18042202597024,440.6207228155366,71.82718598655929,210.85093679923978,40.99561247995006,21.160623942180017,283.83404984339114,94.96386040716676
