Split,,Split 1,Split 1,Split 2,Split 2,Split 3,Split 3,Split 4,Split 4,Split 5,Split 5
Type,,mse_model,mse_naive,mse_model,mse_naive,mse_model,mse_naive,mse_model,mse_naive,mse_model,mse_naive
Country,AdminStrata,,,,,,,,,,
Mali,Bamako,5.612665451157015,35.8093162238567,85.60034923410439,12.688159842506685,226.26639498795973,5.0168103870399765,180.40939893509466,12.10817349453997,22.558206699250306,3.25915400680668
Mali,Kayes,16.585756424081428,14.102631406659981,18.944409173976833,19.1854960934033,56.97605650978313,30.330377979530112,6.074372576322604,10.158647220633275,27.427157738619062,20.976323579796766
Mali,Koulikoro,4.427221499957724,1.88214316055334,28.134127125130348,12.344303900193381,124.25592083563293,48.00274186874323,49.80488115247406,24.081040718333337,4.276315730820058,4.711016760700001
Mali,Mopti,86.93356481513551,18.728131325919954,41.355218514701484,89.36262622251671,337.14228622272185,49.3791368650499,205.69645192229564,6.454491903160103,5.038115768049561,7.725499503240002
Mali,Segou,10.498239905357217,7.234756011800011,65.68061249948406,30.790390330776745,89.93697532238424,4.632648508216657,88.54249447095222,5.989529546866708,11.045366553170043,12.068494129596608
Mali,Sikasso,22.815504744968727,90.82107599586695,8.650900339098957,5.896166476306661,6.968058533745201,12.772744962400028,22.022806612651664,16.96536097395668,54.251023881435934,47.66817347949659
Mali,Tombouctou-Taoudeni,254.30498968827823,120.13923897641006,448.6061754486708,440.6207228155366,71.32949310654392,210.85093679923978,40.91427313516863,21.160623942180017,256.7882045950326,94.96386040716676
