Split,,Split 1,Split 1,Split 2,Split 2,Split 3,Split 3,Split 4,Split 4,Split 5,Split 5
Type,,mse_model,mse_naive,mse_model,mse_naive,mse_model,mse_naive,mse_model,mse_naive,mse_model,mse_naive
Country,AdminStrata,,,,,,,,,,
Burkina Faso,Boucle-Du-Mouhoun,11.116441346615488,4.087612384331326,1.901600194304777,8.286108992307634,8.447993689629028,4.0789152938152204,2.8743450191538646,2.7627410213623853,13.767908666384066,3.547194691379882
Burkina Faso,Cascades,76.97422659109988,74.1866736260954,24.876036886381396,80.51014685567226,131.18858687043337,31.72367092590971,57.40674887750675,41.799468331554024,124.14459043469296,9.265621238129304
Burkina Faso,Centre-Est,12.921074591124928,35.227466020517845,14.908146948759416,16.06194893339238,18.25894235122141,13.433354340538276,3.380538647077841,4.748616456199887,22.5253134958762,63.30767419271683
Burkina Faso,Centre-Nord,21.951312210676544,7.684967635927752,28.30932644280761,13.236369633676754,22.22810930298683,5.359064817033622,122.11249090810641,8.050120832630007,46.46731273754237,51.40694978955064
Burkina Faso,Centre-Ouest,47.76439117010475,115.2270707275579,18.290626708741552,52.79818560257458,4.391851590806838,5.663564417005061,12.203927254986363,14.864263739033428,10.690531758989433,14.193121831005177
Burkina Faso,Hauts-Bassins,2.997013164948602,4.368272747194313,20.94740134993159,11.145014162560459,5.031449140047095,20.0420712149077,21.685700767939768,4.3604704538679915,97.19238084626835,28.469101817041985
Burkina Faso,Plateau-Central,5.733712536386439,19.693517996433723,30.483515717636635,28.81164970836611,63.618631248903476,30.635504457507658,31.04834251917836,83.43484799594604,17.35167087906021,17.97538976618748
