Split,,Split 1,Split 1,Split 10,Split 10,Split 2,Split 2,Split 3,Split 3,Split 4,Split 4,Split 5,Split 5,Split 6,Split 6,Split 7,Split 7,Split 8,Split 8,Split 9,Split 9
Type,,mse_model,mse_naive,mse_model,mse_naive,mse_model,mse_naive,mse_model,mse_naive,mse_model,mse_naive,mse_model,mse_naive,mse_model,mse_naive,mse_model,mse_naive,mse_model,mse_naive,mse_model,mse_naive
Country,AdminStrata,,,,,,,,,,,,,,,,,,,,
Yemen,Al Mahwit,3.7533148396302565,5.9311859543333245,54.153705025915876,22.494486888666707,1.53210041225867,5.075300744999994,2.616858498090879,4.486387302333343,3.3957036900687547,4.373480567666667,5.412165397014121,3.066417076666664,3.2495081393416942,16.97012339700002,21.038991411607274,5.0493416859999956,19.10873125017822,24.43446574899999,16.92766506681362,33.81299374733335
Yemen,Marib,47.491391693713496,6.153297788666667,10.391474517282699,4.2594913126666665,6.977374702246129,41.51063075333332,5.0189033874249045,4.659636538000011,80.80338919996815,69.72843983733334,2.458145905184918,14.703293091666664,53.11924153733133,44.57569544499996,42.92070151747818,9.48453419033333,3.583554012093848,2.1991737229999986,34.27738598320934,43.45955882199998
Yemen,Sa'ada,56.58303450114901,65.76361486166671,15.532046483236288,2.019507509666659,8.2079921378371,74.65053576199998,3.40198049365333,3.60111386866667,23.512536420977305,50.004383567,12.373655323180047,63.617063776666654,6.042645352067523,21.49456494499999,37.37182153453986,8.455596650000006,8.56628688556648,46.49622965733334,9.805097358155498,4.534820784000003
Yemen,Shabwah,7.951072526147271,27.671451829666694,14.116701124680127,4.444201837666667,1.2828111893999277,2.0801839356666663,1.4015377929284818,1.2182905906666668,4.512637123293434,12.151239950999996,73.37358070145036,28.705234426333323,24.176039602133308,10.98732346533332,92.4863993779696,3.244700456666672,0.7946094061294989,1.3357405279999992,3.0545859623916756,3.9921516739999983
