Split,,Split 1,Split 1,Split 2,Split 2,Split 3,Split 3,Split 4,Split 4,Split 5,Split 5
Type,,mse_model,mse_naive,mse_model,mse_naive,mse_model,mse_naive,mse_model,mse_naive,mse_model,mse_naive
Country,AdminStrata,,,,,,,,,,
Cameroon,Adamawa,7.684870045842276,1.758396243498726,16.73649612790077,4.782123666720635,4.2959290251354,4.44262119976777,30.867532489435185,17.365746910239075,11.001425295541763,8.594197137735051
Cameroon,Central,19.43576028454113,5.0503794542523055,37.42061916931184,50.61587509502683,7.4486657101889735,14.749616014794883,34.5697120506769,33.69206845151043,6.068343748227897,41.816042541722354
Cameroon,East,12.468547905679968,5.8715326077653405,18.278621530989724,32.05349028403483,7.546877344050361,7.400967032250448,116.1733431813219,154.6195550738934,9.374783588510443,35.91802910066749
Cameroon,North,19.120361386678002,2.4827000070570358,4.276002720654346,4.220323474344548,68.73488611097312,32.98697918026634,35.568374488927,33.02540720601765,16.247009127656458,23.11365494485687
Cameroon,North-West,28.50124068724563,15.18921005379196,37.559507799264885,20.575601338725708,11.60849370276707,19.540254764548305,11.199960908615868,5.299826788172746,44.940303226850254,22.172021274547436
Cameroon,South,35.86415602995755,5.186457105725484,11.362272899085854,9.16828296101461,12.22282397945518,10.214043773790127,51.409374920386064,67.61992987310546,5.0099324467163475,4.800441654246836
Cameroon,South-West,6.420163691249319,1.427965647006244,57.057038830952514,3.304795429968021,24.317167163130065,31.76158478572033,7.708989749496415,22.856370136226,92.60680374294627,57.08434315306589
