Split,,Split 1,Split 1,Split 2,Split 2,Split 3,Split 3,Split 4,Split 4,Split 5,Split 5
Type,,mse_model,mse_naive,mse_model,mse_naive,mse_model,mse_naive,mse_model,mse_naive,mse_model,mse_naive
Country,AdminStrata,,,,,,,,,,
Cameroon,Adamawa,4.530072925626052,1.758396243498726,11.971772686328235,4.782123666720635,4.835107491259176,4.44262119976777,36.41806442316821,17.365746910239075,11.496802466013056,8.594197137735051
Cameroon,Central,21.439747326749753,5.0503794542523055,49.345185567857,50.61587509502683,9.085421857872864,14.749616014794883,43.486228429371536,33.69206845151043,30.43700838826299,41.816042541722354
Cameroon,East,5.536049812011917,5.8715326077653405,14.68401178564165,32.05349028403483,8.983673420840432,7.400967032250448,131.612975052317,154.6195550738934,21.719547670394807,35.91802910066749
Cameroon,Littoral,19.402956427990162,7.030473959647315,5.364546699192669,7.694908155650115,33.188333515868536,56.34596882556752,20.999897215170304,4.357048055754913,21.188166068139957,19.65302386144762
Cameroon,North-West,25.285435003135394,15.18921005379196,45.0074959698372,20.575601338725708,10.191643915529035,19.540254764548305,12.143998070613398,5.299826788172746,68.38132273110351,22.172021274547436
Cameroon,South-West,3.0442165726420205,1.427965647006244,51.28884546189478,3.304795429968021,35.02509446560222,31.76158478572033,12.438568433563649,22.856370136226,56.49399060404698,57.08434315306589
Cameroon,West,11.503073019026994,14.504815681191813,13.321884992472812,3.846523459092692,10.4380569748018,2.373153435100978,3.560838491957626,2.392466958576792,5.851244901430714,3.85408932686945
