Split,,Split 1,Split 1,Split 2,Split 2,Split 3,Split 3,Split 4,Split 4,Split 5,Split 5
Type,,mse_model,mse_naive,mse_model,mse_naive,mse_model,mse_naive,mse_model,mse_naive,mse_model,mse_naive
Country,AdminStrata,,,,,,,,,,
Mali,Bamako,2.724207394896682,35.8093162238567,87.46400128270389,12.688159842506685,238.6374297383256,5.0168103870399765,193.3636644974525,12.10817349453997,20.298839533555846,3.25915400680668
Mali,Kayes,14.299908879630218,14.102631406659981,14.363154342679971,19.1854960934033,60.96275934895736,30.330377979530112,12.035903113230672,10.158647220633275,26.359386271185976,20.976323579796766
Mali,Koulikoro,2.944435714461703,1.88214316055334,27.33936352414436,12.344303900193381,139.91888714468803,48.00274186874323,53.457052355079014,24.081040718333337,3.843859734673998,4.711016760700001
Mali,Mopti,72.27826356471938,18.728131325919954,28.35428861372576,89.36262622251671,353.6963841387946,49.3791368650499,180.39759355653015,6.454491903160103,4.728018778169496,7.725499503240002
Mali,Segou,9.65009969253855,7.234756011800011,60.54332604909871,30.790390330776745,97.96017976758735,4.632648508216657,79.16570495884334,5.989529546866708,10.226114126177693,12.068494129596608
Mali,Sikasso,26.143605198911555,90.82107599586695,8.094604192243564,5.896166476306661,7.548320147013533,12.772744962400028,24.042506899662133,16.96536097395668,53.02832995913592,47.66817347949659
Mali,Tombouctou-Taoudeni,272.6398955863151,120.13923897641006,467.0142326630692,440.6207228155366,74.03183671304392,210.85093679923978,42.84771335539049,21.160623942180017,243.14074601444435,94.96386040716676
