Split,,Split 1,Split 1,Split 10,Split 10,Split 2,Split 2,Split 3,Split 3,Split 4,Split 4,Split 5,Split 5,Split 6,Split 6,Split 7,Split 7,Split 8,Split 8,Split 9,Split 9
Type,,mse_model,mse_naive,mse_model,mse_naive,mse_model,mse_naive,mse_model,mse_naive,mse_model,mse_naive,mse_model,mse_naive,mse_model,mse_naive,mse_model,mse_naive,mse_model,mse_naive,mse_model,mse_naive
Country,AdminStrata,,,,,,,,,,,,,,,,,,,,
Yemen,Aden,3.2024227923225883,2.4569927286666724,6.259268075905604,32.17564816566664,3.9773872986769154,5.184038776666667,18.28902738236892,5.4826462383333325,4.064041514307913,11.437862768333325,4.927991126884833,6.6645597053333345,5.527948864457099,1.6282461936666643,8.255401388891482,7.273919183000001,28.59590756751575,17.523471242333333,68.28385711911586,25.670935506666662
Yemen,Amran,14.423478878155125,17.122132234666665,7.899810603939257,2.7976126026666583,27.617244509745674,5.720667139666664,159.35608335410262,49.11319001066667,6.866478697199883,111.98667522600003,9.057641860523567,48.02063581466668,9.740313324673783,6.4541653829999905,22.229210655184094,47.92622976000002,10.04255292193437,37.670847411333334,3.3938990766469357,3.963387535666662
Yemen,Dhamar,8.806550004769198,24.003583719333314,5.7915518493635005,14.684593350666683,14.183114800573168,5.377755908666663,14.240128238677405,6.251041738000003,19.940509955550034,33.1642737583333,1.759208308704658,20.231192954999997,32.89802884325967,32.776631042333356,3.101399137476774,15.441040092666649,5.989046312796245,1.2082467566666668,9.55914770534314,6.138819648333333
Yemen,Hajjah,12.271492428461872,4.842007422000001,9.220947803505421,37.20455881133333,4.8355557106434315,7.10332173,7.8887465286095315,4.617786798333338,9.362898451750613,3.840325387666669,28.38448199993384,9.570490483999983,10.107127348674316,2.9473431650000004,15.583759298026388,8.581480388666678,6.412349471900401,7.456721025333334,19.33342241901852,14.221024356999996
