"Year","Month","Dekad","NDVI Anomaly"
2020,1,1,N/A,
2020,1,2,102.355025943462
2020,1,3,102.09207717354
2020,2,1,101.95829492032
2020,2,2,101.791829118246
2020,2,3,101.428749876979
2020,3,1,100.568366743454
2020,3,2,100.380728676786
2020,3,3,100.452934500751
2020,4,1,100.94126653966
2020,4,2,102.519116032165
2020,4,3,103.329375733362
2020,5,1,103.99934083044
2020,5,2,104.617838718865
2020,5,3,105.957890144564
2020,6,1,106.853812365899
2020,6,2,107.831533245375
2020,6,3,108.680065586484
2020,7,1,110.981072839515
2020,7,2,112.179675210392
2020,7,3,113.364698834783
2020,8,1,114.898172474893
2020,8,2,115.022636981531
2020,8,3,114.626056559548
2020,9,1,113.761556246432
2020,9,2,111.903602256986
2020,9,3,111.033574597824
2020,10,1,110.240673440629
2020,10,2,109.655349860892
2020,10,3,108.98549635669
2020,11,1,108.641460764426
2020,11,2,108.307207812234
2020,11,3,107.615804930558
2020,12,1,107.387287140377
2020,12,2,107.26859654738
2020,12,3,107.282818559638
2021,1,1,107.631794483254
2021,1,2,107.911434709213
2021,1,3,108.344407821467
2021,2,1,108.529540418231
2021,2,2,N/A,
2021,2,3,N/A,
2021,3,1,N/A,
2021,3,2,N/A,
2021,3,3,N/A,
2021,4,1,N/A,
2021,4,2,N/A,
2021,4,3,N/A,
2021,5,1,N/A,
2021,5,2,N/A,
2021,5,3,N/A,
2021,6,1,N/A,
2021,6,2,N/A,
2021,6,3,N/A,
2021,7,1,N/A,
2021,7,2,N/A,
2021,7,3,N/A,
2021,8,1,N/A,
2021,8,2,N/A,
2021,8,3,N/A,
2021,9,1,N/A,
2021,9,2,N/A,
2021,9,3,N/A,
2021,10,1,N/A,
2021,10,2,N/A,
2021,10,3,N/A,
2021,11,1,N/A,
2021,11,2,N/A,
2021,11,3,N/A,
2021,12,1,N/A,
2021,12,2,N/A,
2021,12,3,N/A,