Split,,Split 1,Split 1,Split 2,Split 2,Split 3,Split 3,Split 4,Split 4,Split 5,Split 5
Type,,mse_model,mse_naive,mse_model,mse_naive,mse_model,mse_naive,mse_model,mse_naive,mse_model,mse_naive
Country,AdminStrata,,,,,,,,,,
Syria,Aleppo,107.95210002486296,1.8064364353333404,38.649025441215926,3.3583412606666827,67.23753579473296,81.17110100466667,20.59802883053125,19.289415686999973,17.339111207546523,16.680909245666676
Syria,Ar-Raqqa,9.793847492208121,5.7269622863333325,37.661406485900265,29.18105003233332,14.873888073364009,19.291582502333327,160.1554408442875,129.85659890366676,24.985522405735598,19.99027646666663
Syria,As-Sweida,4.467242133280312,9.776199571666654,132.75572542281395,116.90174574533336,9.930583973880832,22.317759681,66.03415967223724,13.172111500666666,5.725418612591887,14.445857458333336
Syria,Damascus,11.15630860361063,0.9678645936666669,220.66461061900537,199.91481670199997,43.26224890542377,20.734936324333326,7.783669015684855,15.534294123666657,74.68923526193582,41.91721978633344
Syria,Dar'a,6.754102976650196,15.511775825666662,47.05444944134693,67.80867061699999,41.414911662898675,54.680205187000034,10.86803341627607,19.517479015333304,55.1223590583553,29.621680870333314
Syria,Hama,45.35746571571614,88.48749057333333,7.11297466309237,8.320707287333358,9.242492398224147,10.58321529000001,18.6627025290305,19.31239148600001,4.902440301757719,14.09701934033331
Syria,Homs,48.5491242183656,105.69736151866665,3.070290648310542,7.9317398093333304,3.943146731718371,6.4658008406666605,8.62059581596426,19.377250979666673,3.154019107040713,14.549816721000044
