Split,,Split 1,Split 1,Split 2,Split 2,Split 3,Split 3,Split 4,Split 4,Split 5,Split 5
Type,,mse_model,mse_naive,mse_model,mse_naive,mse_model,mse_naive,mse_model,mse_naive,mse_model,mse_naive
Country,AdminStrata,,,,,,,,,,
Burkina Faso,Cascades,89.13434090766376,74.1866736260954,10.683559443828802,80.51014685567226,134.7202268972947,31.72367092590971,8.773712243234701,41.799468331554024,134.65323876962927,9.265621238129304
Burkina Faso,Centre,7.231627975553875,2.4929829642425143,3.6037363548677415,5.110101629610594,123.12588785068785,107.88335082196262,56.96519404909615,70.77068460623887,12.144462341220725,21.054796227659413
Burkina Faso,Hauts-Bassins,2.928739056543931,4.368272747194313,8.605671669539568,11.145014162560459,7.665062414865051,20.0420712149077,17.88635509123894,4.3604704538679915,98.6100056729211,28.469101817041985
Burkina Faso,Nord,22.64008177054764,25.08972420443188,45.511503631145345,66.7537735203755,35.75702512631167,51.8934201841615,9.881056254487323,13.38253404623258,26.41754581533943,11.338314611785451
Burkina Faso,Plateau-Central,8.356964610762812,19.693517996433723,17.00900667471163,28.81164970836611,58.32238806452317,30.635504457507658,37.06275646193488,83.43484799594604,26.949562709350207,17.97538976618748
Burkina Faso,Sahel,6.857912466578743,5.440710273681868,29.27078215263579,45.45860642885075,18.10005091614293,31.538421962778212,44.88922396961252,61.771289506288035,65.6420936588726,7.515263024973247
Burkina Faso,Sud-Ouest,11.003153867101984,25.684917046170952,14.905774582478001,12.265022131502981,18.243020638449416,9.605220329188107,38.84150130699307,17.807908923171148,35.2346660474284,17.70471258055301
