Split,,Split 1,Split 1,Split 2,Split 2,Split 3,Split 3,Split 4,Split 4,Split 5,Split 5
Type,,mse_model,mse_naive,mse_model,mse_naive,mse_model,mse_naive,mse_model,mse_naive,mse_model,mse_naive
Country,AdminStrata,,,,,,,,,,
Nigeria,Adamawa,34.95830237152229,4.076101452550277,25.68653038247601,2.0304800408878583,9.004333995242623,16.226039994330872,86.32527183000894,51.50389510182485,4.322452023318666,4.76182008030247
Nigeria,Borno,56.258682772904976,63.37770870022163,51.61312464008111,22.03757982466042,74.03864806299313,47.10019651213446,8.884111139497834,19.285106519086167,33.2418881546243,6.2563976440841405
Nigeria,Yobe,31.88545190688629,18.13856352065368,33.33328358707865,3.009849701414529,63.84993268710619,78.66343674420206,74.11546595076823,11.731534540767267,36.55323041816897,19.841384375192842
