"Year","Month","Dekad","NDVI Anomaly"
2020,1,1,N/A,
2020,1,2,101.224283138082
2020,1,3,99.9107753099815
2020,2,1,99.4746387609308
2020,2,2,99.511936928688
2020,2,3,99.8839937398279
2020,3,1,100.508405575475
2020,3,2,100.871338198291
2020,3,3,101.095026446616
2020,4,1,101.02117133156
2020,4,2,100.796382409234
2020,4,3,100.691416922906
2020,5,1,100.601244260617
2020,5,2,100.664200548695
2020,5,3,100.228323488413
2020,6,1,99.4785584994797
2020,6,2,98.9222300169325
2020,6,3,98.2120271290962
2020,7,1,95.9668522114873
2020,7,2,95.5666495209469
2020,7,3,96.4064258337171
2020,8,1,100.157466523945
2020,8,2,102.649285820119
2020,8,3,105.226051179506
2020,9,1,107.715360451777
2020,9,2,110.849475710766
2020,9,3,111.957518546866
2020,10,1,113.065143799246
2020,10,2,113.675733015903
2020,10,3,115.026865456455
2020,11,1,114.214348514106
2020,11,2,113.067358174873
2020,11,3,110.619445147913
2020,12,1,109.874225901067
2020,12,2,109.426622578705
2020,12,3,109.314409394389
2021,1,1,108.795366941605
2021,1,2,107.892434098114
2021,1,3,106.552147678672
2021,2,1,107.229348395701
2021,2,2,N/A,
2021,2,3,N/A,
2021,3,1,N/A,
2021,3,2,N/A,
2021,3,3,N/A,
2021,4,1,N/A,
2021,4,2,N/A,
2021,4,3,N/A,
2021,5,1,N/A,
2021,5,2,N/A,
2021,5,3,N/A,
2021,6,1,N/A,
2021,6,2,N/A,
2021,6,3,N/A,
2021,7,1,N/A,
2021,7,2,N/A,
2021,7,3,N/A,
2021,8,1,N/A,
2021,8,2,N/A,
2021,8,3,N/A,
2021,9,1,N/A,
2021,9,2,N/A,
2021,9,3,N/A,
2021,10,1,N/A,
2021,10,2,N/A,
2021,10,3,N/A,
2021,11,1,N/A,
2021,11,2,N/A,
2021,11,3,N/A,
2021,12,1,N/A,
2021,12,2,N/A,
2021,12,3,N/A,