"Year","Month","Dekad","NDVI Anomaly"
2020,1,1,N/A,
2020,1,2,99.8459281484593
2020,1,3,98.8949188164093
2020,2,1,98.3607238371826
2020,2,2,98.3068370189278
2020,2,3,98.4787391076616
2020,3,1,98.360297598573
2020,3,2,98.6093654751569
2020,3,3,99.0263056583091
2020,4,1,99.4357331011142
2020,4,2,99.3322231027866
2020,4,3,99.0987907870928
2020,5,1,98.0119174873027
2020,5,2,96.4394875096525
2020,5,3,91.4820226800304
2020,6,1,88.9096797903756
2020,6,2,87.5753189285882
2020,6,3,87.8641794447779
2020,7,1,88.6391602771985
2020,7,2,89.2976487864049
2020,7,3,90.4233779013184
2020,8,1,92.7563177055549
2020,8,2,94.7690179738799
2020,8,3,96.7235790703773
2020,9,1,99.3675202556892
2020,9,2,102.793302541382
2020,9,3,103.71330337334
2020,10,1,104.768353423306
2020,10,2,105.995014780882
2020,10,3,109.3314087732
2020,11,1,109.236290198929
2020,11,2,108.664218507904
2020,11,3,106.923051620251
2020,12,1,107.159057209676
2020,12,2,107.141860816347
2020,12,3,107.172638790355
2021,1,1,106.414984568595
2021,1,2,105.759675150047
2021,1,3,104.481647868615
2021,2,1,105.290481485906
2021,2,2,N/A,
2021,2,3,N/A,
2021,3,1,N/A,
2021,3,2,N/A,
2021,3,3,N/A,
2021,4,1,N/A,
2021,4,2,N/A,
2021,4,3,N/A,
2021,5,1,N/A,
2021,5,2,N/A,
2021,5,3,N/A,
2021,6,1,N/A,
2021,6,2,N/A,
2021,6,3,N/A,
2021,7,1,N/A,
2021,7,2,N/A,
2021,7,3,N/A,
2021,8,1,N/A,
2021,8,2,N/A,
2021,8,3,N/A,
2021,9,1,N/A,
2021,9,2,N/A,
2021,9,3,N/A,
2021,10,1,N/A,
2021,10,2,N/A,
2021,10,3,N/A,
2021,11,1,N/A,
2021,11,2,N/A,
2021,11,3,N/A,
2021,12,1,N/A,
2021,12,2,N/A,
2021,12,3,N/A,