Split,,Split 10,Split 10,Split 8,Split 8,Split 9,Split 9
Type,,mse_model,mse_naive,mse_model,mse_naive,mse_model,mse_naive
Country,AdminStrata,,,,,,
Yemen,Al Bayda,6.349368054143693,2.2967273650000006,8.209853449816507,6.163460958333335,14.304290515222721,5.561421470999992
Yemen,Al Dhale'e,11.073511943030496,5.162300602999998,42.547780202508065,17.157256102333307,14.681142179013976,5.4421651806666524
Yemen,Al Hudaydah,3.823010323540045,7.866424788000012,9.679232375333337,4.062846636666654,10.353962397675536,4.184184138333325
Yemen,Ibb,11.674527757266697,6.548419001999999,18.429947725963622,3.8140043469999965,50.284217802733124,3.1817651573333356
Yemen,Lahj,61.84286996413199,45.01425376500002,74.66041366446716,63.65612613266665,2.149937633782093,55.8045075076667
Yemen,Marib,4.754579397813454,4.2594913126666665,5.542724912694608,2.1991737229999986,19.769639130599312,43.45955882199998
Yemen,Taizz,14.597902731359625,5.278926737333331,5.470786747472426,6.426532832666658,20.098402908324967,8.733890331333344
