Split,,Split 1,Split 1,Split 2,Split 2,Split 3,Split 3,Split 4,Split 4,Split 5,Split 5
Type,,mse_model,mse_naive,mse_model,mse_naive,mse_model,mse_naive,mse_model,mse_naive,mse_model,mse_naive
Country,AdminStrata,,,,,,,,,,
Syria,Al-Hasakeh,3.7389129904749923,2.7565354383333376,21.830451409739883,8.605649517999995,8.017027900155307,1.5706915453333317,12.08797722542807,10.831546161999993,33.14231888586835,37.18248264299996
Syria,As-Sweida,9.440313011035148,9.776199571666654,159.94036183009865,116.90174574533336,9.998939018150837,22.317759681,50.10365286869958,13.172111500666666,6.637218014828889,14.445857458333336
Syria,Damascus,8.062346734343885,0.9678645936666669,201.0515991935792,199.91481670199997,47.85112504656006,20.734936324333326,5.896955089100833,15.534294123666657,85.2758200633504,41.91721978633344
Syria,Dar'a,10.348064068291267,15.511775825666662,70.55993992073151,67.80867061699999,13.785810056977365,54.680205187000034,13.909144623524138,19.517479015333304,61.457812118080035,29.621680870333314
Syria,Hama,37.65503152872782,88.48749057333333,8.382407559435519,8.320707287333358,4.620553363994654,10.58321529000001,28.031927838945048,19.31239148600001,11.165234614779243,14.09701934033331
Syria,Homs,40.15285823693061,105.69736151866665,7.449571933714863,7.9317398093333304,4.0399665641384805,6.4658008406666605,6.846671032046421,19.377250979666673,16.474385747951203,14.549816721000044
Syria,Tartous,16.720361244030304,8.00154923166667,24.474528480919915,16.487837574000007,38.450767236716324,54.151990828999985,19.12878970999871,52.151534075666724,47.03023065977236,34.60880998233335
