"Year","Month","Dekad","NDVI Anomaly"
2020,1,1,N/A,
2020,1,2,116.386812537358
2020,1,3,113.980106818803
2020,2,1,112.318495692107
2020,2,2,111.160549260858
2020,2,3,109.818478903179
2020,3,1,106.799123026229
2020,3,2,106.564384890837
2020,3,3,108.692290128943
2020,4,1,112.547074869912
2020,4,2,121.581817760722
2020,4,3,124.814080972842
2020,5,1,125.655560669732
2020,5,2,124.760292511319
2020,5,3,121.360056376282
2020,6,1,120.768578729926
2020,6,2,120.484532331958
2020,6,3,120.465860648463
2020,7,1,122.435224447495
2020,7,2,123.990731352114
2020,7,3,125.57476072911
2020,8,1,127.696028045421
2020,8,2,125.291410631499
2020,8,3,121.185953666348
2020,9,1,117.054604462414
2020,9,2,110.699110399458
2020,9,3,108.899399368394
2020,10,1,107.796786405306
2020,10,2,107.49518210832
2020,10,3,107.031691998904
2020,11,1,106.554421088634
2020,11,2,106.452256403183
2020,11,3,106.351037870156
2020,12,1,106.357391127897
2020,12,2,106.736368945028
2020,12,3,107.585320059698
2021,1,1,109.430899893616
2021,1,2,109.290682498427
2021,1,3,108.658882647303
2021,2,1,109.438437120102
2021,2,2,N/A,
2021,2,3,N/A,
2021,3,1,N/A,
2021,3,2,N/A,
2021,3,3,N/A,
2021,4,1,N/A,
2021,4,2,N/A,
2021,4,3,N/A,
2021,5,1,N/A,
2021,5,2,N/A,
2021,5,3,N/A,
2021,6,1,N/A,
2021,6,2,N/A,
2021,6,3,N/A,
2021,7,1,N/A,
2021,7,2,N/A,
2021,7,3,N/A,
2021,8,1,N/A,
2021,8,2,N/A,
2021,8,3,N/A,
2021,9,1,N/A,
2021,9,2,N/A,
2021,9,3,N/A,
2021,10,1,N/A,
2021,10,2,N/A,
2021,10,3,N/A,
2021,11,1,N/A,
2021,11,2,N/A,
2021,11,3,N/A,
2021,12,1,N/A,
2021,12,2,N/A,
2021,12,3,N/A,