Split,,Split 10,Split 10,Split 7,Split 7,Split 8,Split 8,Split 9,Split 9
Type,,mse_model,mse_naive,mse_model,mse_naive,mse_model,mse_naive,mse_model,mse_naive
Country,AdminStrata,,,,,,,,
Yemen,Marib,69.24533775455033,4.2594913126666665,25.129036140526473,9.48453419033333,3.2717824513265423,2.1991737229999986,28.333063028308196,43.45955882199998
Yemen,Sa'ada,21.437802049551287,2.019507509666659,11.743170999927173,8.455596650000006,2.951554803690497,46.49622965733334,4.15477511141415,4.534820784000003
Yemen,Shabwah,13.579332235484136,4.444201837666667,27.099410477420847,3.244700456666672,4.791159195889947,1.3357405279999992,4.453785868494374,3.9921516739999983
