Split,,Split 1,Split 1,Split 2,Split 2,Split 3,Split 3,Split 4,Split 4,Split 5,Split 5
Type,,mse_model,mse_naive,mse_model,mse_naive,mse_model,mse_naive,mse_model,mse_naive,mse_model,mse_naive
Country,AdminStrata,,,,,,,,,,
Yemen,Aden,4.981470213661652,1.4647204418233322,69.23238711738114,68.39958512455009,5.42612669770574,3.882130129389971,49.9997699565744,99.13222461866661,81.11548805825562,29.965145112486784
Yemen,Al Bayda,1.7257984982674401,24.073100139303236,22.986193261804463,54.98361384078676,40.518052919436954,9.161606203233331,50.222384164521905,7.246581364923334,4.630886776795114,21.862378982083285
Yemen,Amran,28.524888860173498,21.380733291436673,10.8847947245006,49.163851064243296,47.23948271254154,32.23866622015677,5.749358947732423,3.3344980451299966,8.942461538530805,4.479437262726668
Yemen,Dhamar,3.4310226706567324,4.764920786179998,58.106991782466146,65.31616424092678,43.56549481128137,56.50585310717013,59.03367596137799,44.61554383820651,8.280074904953155,54.01414809730677
Yemen,Hajjah,20.926276919683552,45.30948046028005,6.370140727566378,6.564078486226638,8.717953248067435,4.863754883263376,4.435126926874117,10.778458864833324,18.769826011449048,17.99320162650336
Yemen,Lahj,4.486987243427162,20.280499421683363,160.28805989333515,32.81789130904668,4.280711021591058,9.850371526469987,22.74779734335822,21.38617592530664,5.8965898168022886,13.852678768249996
Yemen,Marib,11.165959804170946,9.240289848616614,45.634868567948374,32.98862643273668,2.3599182957673084,2.506912640273313,2.4846064148444666,23.40917071720658,18.4155042889304,9.883425853286658
