"Year","Month","Dekad","NDVI Anomaly"
2020,1,1,N/A,
2020,1,2,126.311497445584
2020,1,3,124.118573999319
2020,2,1,122.555769066382
2020,2,2,121.008796293041
2020,2,3,119.247449487447
2020,3,1,114.859572329152
2020,3,2,112.517958065149
2020,3,3,111.251060407271
2020,4,1,110.898362863875
2020,4,2,112.457490065365
2020,4,3,114.193902065429
2020,5,1,115.758535672014
2020,5,2,116.669454586396
2020,5,3,116.940152764865
2020,6,1,117.612645453874
2020,6,2,118.509684365419
2020,6,3,118.939316675166
2020,7,1,119.010951719883
2020,7,2,119.473948943433
2020,7,3,121.773391996364
2020,8,1,130.112644159183
2020,8,2,131.20119291834
2020,8,3,129.560348045832
2020,9,1,126.488264941636
2020,9,2,118.877456873654
2020,9,3,115.52015285657
2020,10,1,112.904952521803
2020,10,2,111.195217485774
2020,10,3,109.435619046447
2020,11,1,108.165099551808
2020,11,2,107.089270321881
2020,11,3,106.639277510327
2020,12,1,107.267701237754
2020,12,2,107.523856672799
2020,12,3,107.729586879462
2021,1,1,107.646992383998
2021,1,2,107.576643101377
2021,1,3,108.694324206021
2021,2,1,109.464398565695
2021,2,2,N/A,
2021,2,3,N/A,
2021,3,1,N/A,
2021,3,2,N/A,
2021,3,3,N/A,
2021,4,1,N/A,
2021,4,2,N/A,
2021,4,3,N/A,
2021,5,1,N/A,
2021,5,2,N/A,
2021,5,3,N/A,
2021,6,1,N/A,
2021,6,2,N/A,
2021,6,3,N/A,
2021,7,1,N/A,
2021,7,2,N/A,
2021,7,3,N/A,
2021,8,1,N/A,
2021,8,2,N/A,
2021,8,3,N/A,
2021,9,1,N/A,
2021,9,2,N/A,
2021,9,3,N/A,
2021,10,1,N/A,
2021,10,2,N/A,
2021,10,3,N/A,
2021,11,1,N/A,
2021,11,2,N/A,
2021,11,3,N/A,
2021,12,1,N/A,
2021,12,2,N/A,
2021,12,3,N/A,