Split,,Split 1,Split 1,Split 2,Split 2,Split 3,Split 3,Split 4,Split 4,Split 5,Split 5
Type,,mse_model,mse_naive,mse_model,mse_naive,mse_model,mse_naive,mse_model,mse_naive,mse_model,mse_naive
Country,AdminStrata,,,,,,,,,,
Syria,Aleppo,106.64590259087105,1.8064364353333404,3.7765298101539826,3.3583412606666827,75.26699147060337,81.17110100466667,25.01375704875849,19.289415686999973,8.720887272632073,16.680909245666676
Syria,As-Sweida,4.461352608163378,9.776199571666654,139.35355670877988,116.90174574533336,15.921809523521537,22.317759681,47.733835548820096,13.172111500666666,10.08274109890643,14.445857458333336
Syria,Damascus,8.758940230002937,0.9678645936666669,231.4569806898565,199.91481670199997,15.566086537851534,20.734936324333326,9.63864696958071,15.534294123666657,68.22654101862857,41.91721978633344
Syria,Dar'a,10.506090035541956,15.511775825666662,67.1041037233124,67.80867061699999,14.721875807427447,54.680205187000034,12.78260154686455,19.517479015333304,61.512122132536525,29.621680870333314
Syria,Lattakia,23.67484651355284,15.77187503666667,33.058089375234694,58.93032990533332,13.322026556819031,15.24340208133332,49.4583182100772,27.671258493333326,23.503119740627515,26.38343811666667
Syria,Rural Damascus,54.94904938843644,135.95320468566663,40.074229226901444,109.52204350899994,3.0714921749532604,5.468517632999989,1.1369054110714096,6.765383777999994,19.166099755569636,14.018593764000007
Syria,Tartous,14.858764902969442,8.00154923166667,35.078589056223834,16.487837574000007,31.006399544168076,54.151990828999985,17.65200643069019,52.151534075666724,64.79916469076585,34.60880998233335
