Split,,Split 1,Split 1,Split 10,Split 10,Split 2,Split 2,Split 3,Split 3,Split 4,Split 4,Split 5,Split 5,Split 6,Split 6,Split 7,Split 7,Split 8,Split 8,Split 9,Split 9
Type,,mse_model,mse_naive,mse_model,mse_naive,mse_model,mse_naive,mse_model,mse_naive,mse_model,mse_naive,mse_model,mse_naive,mse_model,mse_naive,mse_model,mse_naive,mse_model,mse_naive,mse_model,mse_naive
Country,AdminStrata,,,,,,,,,,,,,,,,,,,,
Yemen,Al Bayda,40.29051712768776,55.6231024903333,2.301292142495915,2.2967273650000006,18.46415751419139,6.040451076333338,35.47491551066431,25.045917907333337,13.393700937870808,43.53135386066668,130.42437801927176,55.36528698333333,28.896094126446453,6.564782074666676,108.58945606107834,6.401659931000001,11.262662979343009,6.163460958333335,13.994323871553293,5.561421470999992
Yemen,Ibb,2.048586886021141,14.332342093333306,8.067672441980665,6.548419001999999,13.639010547676325,6.874914219333339,59.92983624435183,65.62903716700002,22.145204750321188,238.39454547599988,27.989998460072194,60.01854955666669,6.388792833820089,6.138703142999998,42.1077220187983,8.43979253366668,37.639832810136305,3.8140043469999965,26.362010747227842,3.1817651573333356
Yemen,Lahj,6.09942286908908,4.555273586666663,23.43021399528515,45.01425376500002,76.7633605725182,51.941809881999966,14.423247374869169,0.9860111016666686,9.308754125074122,75.33518610066672,138.81684575086098,43.5149306423333,6.793298055990061,0.8084568880000036,12.56865601860814,2.271763158999993,60.76853216622671,63.65612613266665,1.6303721547254924,55.8045075076667
Yemen,Marib,81.62666515192758,6.153297788666667,2.047780791811298,4.2594913126666665,14.606377605895847,41.51063075333332,9.585920199109665,4.659636538000011,66.39515502628689,69.72843983733334,4.453820964145649,14.703293091666664,21.990341880846106,44.57569544499996,17.174882952606744,9.48453419033333,8.396075987699335,2.1991737229999986,22.44336956514884,43.45955882199998
