Split,,Split 10,Split 10,Split 7,Split 7,Split 8,Split 8,Split 9,Split 9
Type,,mse_model,mse_naive,mse_model,mse_naive,mse_model,mse_naive,mse_model,mse_naive
Country,AdminStrata,,,,,,,,
Yemen,Al Jawf,1.753642688149484,3.3400319286666633,59.79531833671555,19.075109720333344,2.873970752765537,7.338583197,4.8856748212494185,3.184497876333326
Yemen,Sana'a,8.090768059679753,17.07331808033334,50.78896436241659,5.6439877163333305,11.958882050600554,16.845441294000025,27.033084672172524,4.398879685666672
Yemen,Shabwah,17.818401890497505,4.444201837666667,34.370367494696616,3.244700456666672,3.764360660304085,1.3357405279999992,2.769584726943561,3.9921516739999983
