"Year","Month","Dekad","NDVI Anomaly"
2020,1,1,N/A,
2020,1,2,104.757499429499
2020,1,3,102.777061437667
2020,2,1,101.635797758545
2020,2,2,100.627973759393
2020,2,3,99.7401585472126
2020,3,1,98.1844833641264
2020,3,2,98.1073610261132
2020,3,3,98.5276195612886
2020,4,1,99.0154601252682
2020,4,2,98.9926028616128
2020,4,3,98.5146588137126
2020,5,1,96.7865553762401
2020,5,2,94.2859784040843
2020,5,3,89.4477851720774
2020,6,1,88.6150426109717
2020,6,2,88.768659303462
2020,6,3,89.3677487526683
2020,7,1,92.0293360982973
2020,7,2,93.7766607782587
2020,7,3,95.1056015162588
2020,8,1,96.1161132310938
2020,8,2,96.5991344538815
2020,8,3,97.0719761530616
2020,9,1,97.9854430916687
2020,9,2,99.7515657175551
2020,9,3,100.552720196933
2020,10,1,101.457897285945
2020,10,2,102.363150220866
2020,10,3,103.451360971809
2020,11,1,102.028474274756
2020,11,2,100.547779796772
2020,11,3,99.8673921797226
2020,12,1,101.22436860612
2020,12,2,102.503308811969
2020,12,3,103.703477725247
2021,1,1,104.748923676602
2021,1,2,104.715462527567
2021,1,3,104.280848501006
2021,2,1,105.01038100526
2021,2,2,N/A,
2021,2,3,N/A,
2021,3,1,N/A,
2021,3,2,N/A,
2021,3,3,N/A,
2021,4,1,N/A,
2021,4,2,N/A,
2021,4,3,N/A,
2021,5,1,N/A,
2021,5,2,N/A,
2021,5,3,N/A,
2021,6,1,N/A,
2021,6,2,N/A,
2021,6,3,N/A,
2021,7,1,N/A,
2021,7,2,N/A,
2021,7,3,N/A,
2021,8,1,N/A,
2021,8,2,N/A,
2021,8,3,N/A,
2021,9,1,N/A,
2021,9,2,N/A,
2021,9,3,N/A,
2021,10,1,N/A,
2021,10,2,N/A,
2021,10,3,N/A,
2021,11,1,N/A,
2021,11,2,N/A,
2021,11,3,N/A,
2021,12,1,N/A,
2021,12,2,N/A,
2021,12,3,N/A,