"Year","Month","Dekad","NDVI Anomaly"
2020,1,1,N/A,
2020,1,2,135.558312937639
2020,1,3,133.272848655217
2020,2,1,133.490317735494
2020,2,2,134.108577690648
2020,2,3,133.13044230504
2020,3,1,128.501779542825
2020,3,2,126.894041235924
2020,3,3,127.307642771384
2020,4,1,128.377317234567
2020,4,2,133.397428046122
2020,4,3,135.679619790444
2020,5,1,136.53701565297
2020,5,2,135.823924890773
2020,5,3,133.06811142618
2020,6,1,134.618272229671
2020,6,2,137.323251847641
2020,6,3,138.249585873833
2020,7,1,135.99519289651
2020,7,2,134.216872511464
2020,7,3,133.970055305694
2020,8,1,134.469668275909
2020,8,2,132.174760375464
2020,8,3,129.330124776183
2020,9,1,127.276972769545
2020,9,2,126.264756166303
2020,9,3,126.284874652898
2020,10,1,125.236665856348
2020,10,2,123.71366475787
2020,10,3,118.277609036385
2020,11,1,115.073383369242
2020,11,2,113.086862655182
2020,11,3,114.652912009675
2020,12,1,117.979938738718
2020,12,2,121.090796175987
2020,12,3,123.899477129694
2021,1,1,126.795447397137
2021,1,2,126.047357577209
2021,1,3,124.980821271563
2021,2,1,125.712885145266
2021,2,2,N/A,
2021,2,3,N/A,
2021,3,1,N/A,
2021,3,2,N/A,
2021,3,3,N/A,
2021,4,1,N/A,
2021,4,2,N/A,
2021,4,3,N/A,
2021,5,1,N/A,
2021,5,2,N/A,
2021,5,3,N/A,
2021,6,1,N/A,
2021,6,2,N/A,
2021,6,3,N/A,
2021,7,1,N/A,
2021,7,2,N/A,
2021,7,3,N/A,
2021,8,1,N/A,
2021,8,2,N/A,
2021,8,3,N/A,
2021,9,1,N/A,
2021,9,2,N/A,
2021,9,3,N/A,
2021,10,1,N/A,
2021,10,2,N/A,
2021,10,3,N/A,
2021,11,1,N/A,
2021,11,2,N/A,
2021,11,3,N/A,
2021,12,1,N/A,
2021,12,2,N/A,
2021,12,3,N/A,