Split,,Split 1,Split 1,Split 2,Split 2,Split 3,Split 3,Split 4,Split 4,Split 5,Split 5
Type,,mse_model,mse_naive,mse_model,mse_naive,mse_model,mse_naive,mse_model,mse_naive,mse_model,mse_naive
Country,AdminStrata,,,,,,,,,,
Yemen,Al Dhale'e,15.583122982923287,11.317677782406669,20.980618356547552,3.708601608640023,42.469892521541084,6.128524721966664,17.168536268798604,15.425820464050002,9.38488826553449,1.3156691610799707
Yemen,Al Maharah,8.544695760312061,3.263381460043329,14.599388527294668,13.625415652756658,15.913666278744733,15.147434601519997,6.38667943072591,6.532452944473315,7.310517451891769,11.154116352419978
Yemen,Amran,17.09926312465814,21.380733291436673,15.12785072284784,49.163851064243296,13.813845982466718,32.23866622015677,5.814901940229956,3.3344980451299966,11.007944656338934,4.479437262726668
Yemen,Dhamar,1.7729334010384568,4.764920786179998,45.3379823309497,65.31616424092678,11.44376897550304,56.50585310717013,51.42664137070065,44.61554383820651,7.05325728714292,54.01414809730677
Yemen,Hajjah,19.281966313840552,45.30948046028005,6.959916923434539,6.564078486226638,25.291786622679663,4.863754883263376,5.745592450527925,10.778458864833324,32.08475109636194,17.99320162650336
Yemen,Sana'a,4.1892357101446365,23.94729784385991,4.660542114366698,2.082498325223346,2.5413795162074924,1.688795622669994,9.978573675377795,22.72457861398001,44.23197370552548,39.476056263123375
Yemen,Taizz,32.24665237083515,24.73830509946332,2.719672307329753,18.26499241221344,69.16145018000142,29.88663841537,8.836019156094864,19.64369838095667,5.8773298107386,2.505120262206682
