Split,,Split 1,Split 1,Split 2,Split 2,Split 3,Split 3,Split 4,Split 4,Split 5,Split 5
Type,,mse_model,mse_naive,mse_model,mse_naive,mse_model,mse_naive,mse_model,mse_naive,mse_model,mse_naive
Country,AdminStrata,,,,,,,,,,
Cameroon,Adamawa,12.516302224141963,1.758396243498726,9.80123776874057,4.782123666720635,6.864070955927378,4.44262119976777,21.540729932208862,17.365746910239075,9.707953159800185,8.594197137735051
Cameroon,East,8.1967705880653,5.8715326077653405,38.89273667525937,32.05349028403483,11.858056928261853,7.400967032250448,69.89009919423977,154.6195550738934,12.056263698654396,35.91802910066749
Cameroon,Far-North,4.9941081777689265,7.116255129829351,65.23992121723103,50.80324983515787,30.869475077518295,17.22139022820313,69.3221288855974,54.95168001130261,2.544623548963332,2.5401681650069734
Cameroon,Littoral,27.653025623423694,7.030473959647315,15.790147744098801,7.694908155650115,5.7346520028171435,56.34596882556752,12.397176569223099,4.357048055754913,5.900068669335019,19.65302386144762
Cameroon,North,12.756135507933205,2.4827000070570358,3.3487226568756245,4.220323474344548,31.381495176352374,32.98697918026634,59.90030922305462,33.02540720601765,18.150246278447085,23.11365494485687
Cameroon,South,18.158310961605434,5.186457105725484,5.491443721623763,9.16828296101461,23.81536698044543,10.214043773790127,97.553573718515,67.61992987310546,6.785745641648579,4.800441654246836
Cameroon,South-West,2.072514402993268,1.427965647006244,15.25675356524398,3.304795429968021,55.052636753231845,31.76158478572033,10.834464880208316,22.856370136226,147.16882294359468,57.08434315306589
