Split,,Split 10,Split 10,Split 8,Split 8,Split 9,Split 9
Type,,mse_model,mse_naive,mse_model,mse_naive,mse_model,mse_naive
Country,AdminStrata,,,,,,
Yemen,Abyan,18.28512818725586,2.596294448000009,38.00547989729253,44.55790401166669,47.34137076582278,2.8985690526666676
Yemen,Al Mahwit,61.17342236435549,22.494486888666707,31.528722684927416,24.43446574899999,30.209792323470968,33.81299374733335
Yemen,Amanat Al Asimah,3.443975676115378,5.071275303333338,4.318872850017087,2.638624234999997,1.646712112443368,2.7874949703333396
Yemen,Dhamar,8.068534123480108,14.684593350666683,0.9668126809682642,1.2082467566666668,5.597107225842023,6.138819648333333
Yemen,Marib,22.59315727954719,4.2594913126666665,5.59735685756529,2.1991737229999986,37.862541087825434,43.45955882199998
Yemen,Sa'ada,11.867349409501879,2.019507509666659,23.102287728059423,46.49622965733334,6.110448669326087,4.534820784000003
Yemen,Shabwah,16.481431958410116,4.444201837666667,3.1697214730352514,1.3357405279999992,3.3966299782009126,3.9921516739999983
