Split,,Split 10,Split 10,Split 7,Split 7,Split 8,Split 8,Split 9,Split 9
Type,,mse_model,mse_naive,mse_model,mse_naive,mse_model,mse_naive,mse_model,mse_naive
Country,AdminStrata,,,,,,,,
Yemen,Al Maharah,7.719238376806357,5.564978257333332,4.203075061570623,6.416273113333332,1.2808799030598412,0.9830074050000004,13.625395124135057,4.846297276666671
Yemen,Dhamar,1.4948999762216364,14.684593350666683,12.612029453769704,15.441040092666649,4.3303316146008175,1.2082467566666668,9.133537064976895,6.138819648333333
Yemen,Taizz,25.27379416938761,5.278926737333331,11.507129478268295,3.435664708666668,6.137538353534194,6.426532832666658,24.924209335097615,8.733890331333344
