Split,,Split 10,Split 10,Split 8,Split 8,Split 9,Split 9
Type,,mse_model,mse_naive,mse_model,mse_naive,mse_model,mse_naive
Country,AdminStrata,,,,,,
Yemen,Dhamar,7.574509061637792,14.684593350666683,1.3329548797334196,1.2082467566666668,15.472351301157484,6.138819648333333
Yemen,Ibb,11.51376254001433,6.548419001999999,38.312354423990165,3.8140043469999965,37.09107733132036,3.1817651573333356
Yemen,Lahj,20.70165633270129,45.01425376500002,59.63330875241944,63.65612613266665,14.368752094067647,55.8045075076667
Yemen,Marib,8.76683765317707,4.2594913126666665,5.158897048337945,2.1991737229999986,16.525470405787022,43.45955882199998
Yemen,Raymah,10.597154339622296,6.170574442333328,54.03840033028776,38.10955024600003,17.072729559203044,44.4982638766667
Yemen,Sa'ada,10.55952808147649,2.019507509666659,25.103205087439367,46.49622965733334,8.883919960815955,4.534820784000003
Yemen,Taizz,4.160853509594334,5.278926737333331,7.3356501211656076,6.426532832666658,19.645112595283816,8.733890331333344
