Split,,Split 10,Split 10,Split 7,Split 7,Split 8,Split 8,Split 9,Split 9
Type,,mse_model,mse_naive,mse_model,mse_naive,mse_model,mse_naive,mse_model,mse_naive
Country,AdminStrata,,,,,,,,
Yemen,Marib,106.10691399833436,4.2594913126666665,23.788471766231602,9.48453419033333,4.413316118384705,2.1991737229999986,19.835138697748103,43.45955882199998
Yemen,Sa'ada,34.03247925999468,2.019507509666659,17.59213550365502,8.455596650000006,2.9024788486649333,46.49622965733334,5.797839963092175,4.534820784000003
Yemen,Taizz,49.155614270129604,5.278926737333331,6.835374645782206,3.435664708666668,6.906581261212291,6.426532832666658,19.157357307339396,8.733890331333344
