Split,,Split 10,Split 10,Split 8,Split 8,Split 9,Split 9
Type,,mse_model,mse_naive,mse_model,mse_naive,mse_model,mse_naive
Country,AdminStrata,,,,,,
Yemen,Abyan,25.615220705577332,2.596294448000009,20.614587596361694,44.55790401166669,61.63383009848435,2.8985690526666676
Yemen,Aden,4.208665993151764,32.17564816566664,2.224882309680464,17.523471242333333,44.095582229994776,25.670935506666662
Yemen,Al Bayda,2.7075694118781466,2.2967273650000006,6.62134915774303,6.163460958333335,14.495496627347597,5.561421470999992
Yemen,Al Dhale'e,16.003983644493754,5.162300602999998,35.913901709790906,17.157256102333307,22.17829532052436,5.4421651806666524
Yemen,Sa'ada,20.774240690978058,2.019507509666659,17.71773739517243,46.49622965733334,3.1233916274509874,4.534820784000003
Yemen,Sana'a,3.6936359806052677,17.07331808033334,21.1359504225736,16.845441294000025,35.36442696733816,4.398879685666672
Yemen,Shabwah,15.056374647933795,4.444201837666667,3.6416379803827685,1.3357405279999992,5.65422549042837,3.9921516739999983
