Split,,Split 1,Split 1,Split 2,Split 2,Split 3,Split 3,Split 4,Split 4,Split 5,Split 5
Type,,mse_model,mse_naive,mse_model,mse_naive,mse_model,mse_naive,mse_model,mse_naive,mse_model,mse_naive
Country,AdminStrata,,,,,,,,,,
Mali,Bamako,5.5852846354132355,35.8093162238567,75.1889815493792,12.688159842506685,210.38646289633658,5.0168103870399765,198.09704275273947,12.10817349453997,20.47294045525458,3.25915400680668
Mali,Kayes,15.10701111973334,14.102631406659981,11.110365418406696,19.1854960934033,54.32834650990697,30.330377979530112,4.132750552838939,10.158647220633275,27.855377991679234,20.976323579796766
Mali,Koulikoro,1.1824542346679754,1.88214316055334,24.91255559191892,12.344303900193381,136.432870973951,48.00274186874323,50.99036640902411,24.081040718333337,3.7920725825752064,4.711016760700001
Mali,Mopti,113.19492684053462,18.728131325919954,45.718311030738725,89.36262622251671,321.4288084165117,49.3791368650499,210.51597009248172,6.454491903160103,6.526453063299755,7.725499503240002
Mali,Segou,14.431764664198377,7.234756011800011,58.968527284249966,30.790390330776745,97.37611537514802,4.632648508216657,89.16823703330199,5.989529546866708,8.969412528842176,12.068494129596608
Mali,Sikasso,27.805693452949054,90.82107599586695,9.756979401556139,5.896166476306661,7.595293701573131,12.772744962400028,31.770408536781073,16.96536097395668,51.39611510184172,47.66817347949659
Mali,Tombouctou-Taoudeni,263.4853474290978,120.13923897641006,440.8257650514714,440.6207228155366,68.4448637180995,210.85093679923978,40.504256892957265,21.160623942180017,258.3044189266416,94.96386040716676
