Split,,Split 1,Split 1,Split 2,Split 2,Split 3,Split 3,Split 4,Split 4,Split 5,Split 5
Type,,mse_model,mse_naive,mse_model,mse_naive,mse_model,mse_naive,mse_model,mse_naive,mse_model,mse_naive
Country,AdminStrata,,,,,,,,,,
Burkina Faso,Boucle-Du-Mouhoun,13.191192477400865,4.087612384331326,4.964364715615328,8.286108992307634,14.858384780528702,4.0789152938152204,4.5041581483378526,2.7627410213623853,14.4728169839112,3.547194691379882
Burkina Faso,Cascades,86.07644792429595,74.1866736260954,40.65180658412518,80.51014685567226,118.69207095331414,31.72367092590971,57.8028700774205,41.799468331554024,144.48345366780828,9.265621238129304
Burkina Faso,Centre,7.86250438447373,2.4929829642425143,4.067206209284123,5.110101629610594,91.90545709504289,107.88335082196262,15.692245680256654,70.77068460623887,21.951184993436403,21.054796227659413
Burkina Faso,Centre-Ouest,47.41379555719436,115.2270707275579,11.308994768479103,52.79818560257458,2.7445632823218427,5.663564417005061,12.958263454313302,14.864263739033428,20.82856970659608,14.193121831005177
Burkina Faso,Est,11.354060759508544,4.2422533466107435,42.05500857065824,24.143477514495753,17.175264523876738,63.05832945833424,82.68251157309562,58.718139921751266,8.668850289603995,85.13795875411225
Burkina Faso,Hauts-Bassins,1.3485193185411775,4.368272747194313,9.023688664209965,11.145014162560459,9.643048261153336,20.0420712149077,18.44660526072686,4.3604704538679915,118.3160772780397,28.469101817041985
Burkina Faso,Nord,60.65498376777306,25.08972420443188,61.119166311482985,66.7537735203755,41.296085574084074,51.8934201841615,23.929678149216976,13.38253404623258,32.289698356617805,11.338314611785451
