"Year","Month","Dekad","NDVI Anomaly"
2020,1,1,N/A,
2020,1,2,108.409687602439
2020,1,3,106.890252277216
2020,2,1,105.656457892706
2020,2,2,104.205484101109
2020,2,3,102.568129624245
2020,3,1,100.211812280381
2020,3,2,99.8197224278199
2020,3,3,100.131950998987
2020,4,1,100.305787791769
2020,4,2,99.1879523801353
2020,4,3,98.3789420220707
2020,5,1,97.6092893236405
2020,5,2,97.2937459778627
2020,5,3,97.4756312555064
2020,6,1,97.7475521742967
2020,6,2,97.6354836082961
2020,6,3,97.4234703582096
2020,7,1,98.1824087745592
2020,7,2,98.8915415330549
2020,7,3,99.1518416455298
2020,8,1,97.7210348231261
2020,8,2,97.0031736399001
2020,8,3,96.659192761008
2020,9,1,96.920924120099
2020,9,2,98.1301406713259
2020,9,3,98.5955487181836
2020,10,1,99.128391431312
2020,10,2,99.652872963259
2020,10,3,99.942108327413
2020,11,1,98.3067614321111
2020,11,2,96.6275638879866
2020,11,3,95.9088670849936
2020,12,1,97.5732425313548
2020,12,2,99.468410574421
2020,12,3,101.379864336455
2021,1,1,105.106598928823
2021,1,2,106.944111682404
2021,1,3,108.573291604939
2021,2,1,108.875566821399
2021,2,2,N/A,
2021,2,3,N/A,
2021,3,1,N/A,
2021,3,2,N/A,
2021,3,3,N/A,
2021,4,1,N/A,
2021,4,2,N/A,
2021,4,3,N/A,
2021,5,1,N/A,
2021,5,2,N/A,
2021,5,3,N/A,
2021,6,1,N/A,
2021,6,2,N/A,
2021,6,3,N/A,
2021,7,1,N/A,
2021,7,2,N/A,
2021,7,3,N/A,
2021,8,1,N/A,
2021,8,2,N/A,
2021,8,3,N/A,
2021,9,1,N/A,
2021,9,2,N/A,
2021,9,3,N/A,
2021,10,1,N/A,
2021,10,2,N/A,
2021,10,3,N/A,
2021,11,1,N/A,
2021,11,2,N/A,
2021,11,3,N/A,
2021,12,1,N/A,
2021,12,2,N/A,
2021,12,3,N/A,