Split,,Split 1,Split 1,Split 2,Split 2,Split 3,Split 3,Split 4,Split 4,Split 5,Split 5
Type,,mse_model,mse_naive,mse_model,mse_naive,mse_model,mse_naive,mse_model,mse_naive,mse_model,mse_naive
Country,AdminStrata,,,,,,,,,,
Mali,Bamako,2.52267392427057,35.8093162238567,85.92404898644901,12.688159842506685,258.60262214390144,5.0168103870399765,179.1745488241979,12.10817349453997,23.868995314325627,3.25915400680668
Mali,Kayes,15.834892420205195,14.102631406659981,14.2398071687449,19.1854960934033,66.368977849372,30.330377979530112,6.379080005364163,10.158647220633275,27.94116184376309,20.976323579796766
Mali,Koulikoro,3.0682156658669304,1.88214316055334,23.138661256894604,12.344303900193381,129.29025308112804,48.00274186874323,65.07347544005421,24.081040718333337,4.6606251700504515,4.711016760700001
Mali,Mopti,95.90015575847217,18.728131325919954,46.99429368281564,89.36262622251671,386.33132254184153,49.3791368650499,172.21880540023284,6.454491903160103,3.8286833703908973,7.725499503240002
Mali,Segou,11.616255134574459,7.234756011800011,54.17492597019204,30.790390330776745,95.18981412741873,4.632648508216657,111.10809527691539,5.989529546866708,10.576679705276396,12.068494129596608
Mali,Sikasso,27.98020709763418,90.82107599586695,9.269250267496643,5.896166476306661,9.597814887953485,12.772744962400028,28.997945885981448,16.96536097395668,54.35248943967856,47.66817347949659
Mali,Tombouctou-Taoudeni,230.53703173626224,120.13923897641006,427.8375385744426,440.6207228155366,70.86608203476592,210.85093679923978,43.288331933173716,21.160623942180017,259.5919281402506,94.96386040716676
