"Year","Month","Dekad","NDVI Anomaly"
2020,1,1,N/A,
2020,1,2,117.288885844137
2020,1,3,118.030715396579
2020,2,1,117.561112191328
2020,2,2,116.461808604039
2020,2,3,114.726064503556
2020,3,1,111.368701095462
2020,3,2,110.121838763201
2020,3,3,110.156173263923
2020,4,1,110.984615239244
2020,4,2,115.613930004993
2020,4,3,119.203179157726
2020,5,1,123.214706481729
2020,5,2,126.619372877971
2020,5,3,130.439193595919
2020,6,1,130.841790909635
2020,6,2,130.816559711497
2020,6,3,130.726939523519
2020,7,1,128.998783128769
2020,7,2,127.966391353115
2020,7,3,126.429517888085
2020,8,1,122.416528115136
2020,8,2,119.74529813203
2020,8,3,117.510764022207
2020,9,1,115.803293290623
2020,9,2,113.987628983796
2020,9,3,113.463148532464
2020,10,1,112.813108647282
2020,10,2,112.258127885276
2020,10,3,111.212578752222
2020,11,1,110.847615049219
2020,11,2,110.615582698807
2020,11,3,110.058854208958
2020,12,1,109.750890457527
2020,12,2,109.305806354949
2020,12,3,108.866671138992
2021,1,1,108.209972730814
2021,1,2,108.135195268041
2021,1,3,107.626982892691
2021,2,1,107.356251215244
2021,2,2,N/A,
2021,2,3,N/A,
2021,3,1,N/A,
2021,3,2,N/A,
2021,3,3,N/A,
2021,4,1,N/A,
2021,4,2,N/A,
2021,4,3,N/A,
2021,5,1,N/A,
2021,5,2,N/A,
2021,5,3,N/A,
2021,6,1,N/A,
2021,6,2,N/A,
2021,6,3,N/A,
2021,7,1,N/A,
2021,7,2,N/A,
2021,7,3,N/A,
2021,8,1,N/A,
2021,8,2,N/A,
2021,8,3,N/A,
2021,9,1,N/A,
2021,9,2,N/A,
2021,9,3,N/A,
2021,10,1,N/A,
2021,10,2,N/A,
2021,10,3,N/A,
2021,11,1,N/A,
2021,11,2,N/A,
2021,11,3,N/A,
2021,12,1,N/A,
2021,12,2,N/A,
2021,12,3,N/A,