"Year","Month","Dekad","NDVI Anomaly"
2020,1,1,N/A,
2020,1,2,104.82541572165
2020,1,3,104.324616110483
2020,2,1,104.118325316191
2020,2,2,103.885804916733
2020,2,3,103.389593181221
2020,3,1,101.988598893036
2020,3,2,101.624889063106
2020,3,3,101.464380810659
2020,4,1,101.649953005711
2020,4,2,103.101203191221
2020,4,3,104.545389616971
2020,5,1,106.311019100806
2020,5,2,108.27628519981
2020,5,3,111.353291316527
2020,6,1,112.585918202465
2020,6,2,113.414153171968
2020,6,3,113.636006938708
2020,7,1,113.679862781986
2020,7,2,113.752106929605
2020,7,3,114.416015418901
2020,8,1,117.142306356109
2020,8,2,118.945557388315
2020,8,3,120.234684505614
2020,9,1,120.419721163785
2020,9,2,118.692759827405
2020,9,3,116.823644128549
2020,10,1,114.838915396759
2020,10,2,113.387744329089
2020,10,3,111.805681675186
2020,11,1,111.284626027011
2020,11,2,110.908899363482
2020,11,3,110.102717727118
2020,12,1,109.784907626163
2020,12,2,109.552013688905
2020,12,3,109.378750825948
2021,1,1,108.950067133528
2021,1,2,108.683203169097
2021,1,3,108.079484479937
2021,2,1,107.937658921043
2021,2,2,N/A,
2021,2,3,N/A,
2021,3,1,N/A,
2021,3,2,N/A,
2021,3,3,N/A,
2021,4,1,N/A,
2021,4,2,N/A,
2021,4,3,N/A,
2021,5,1,N/A,
2021,5,2,N/A,
2021,5,3,N/A,
2021,6,1,N/A,
2021,6,2,N/A,
2021,6,3,N/A,
2021,7,1,N/A,
2021,7,2,N/A,
2021,7,3,N/A,
2021,8,1,N/A,
2021,8,2,N/A,
2021,8,3,N/A,
2021,9,1,N/A,
2021,9,2,N/A,
2021,9,3,N/A,
2021,10,1,N/A,
2021,10,2,N/A,
2021,10,3,N/A,
2021,11,1,N/A,
2021,11,2,N/A,
2021,11,3,N/A,
2021,12,1,N/A,
2021,12,2,N/A,
2021,12,3,N/A,