Split,,Split 10,Split 10,Split 7,Split 7,Split 8,Split 8,Split 9,Split 9
Type,,mse_model,mse_naive,mse_model,mse_naive,mse_model,mse_naive,mse_model,mse_naive
Country,AdminStrata,,,,,,,,
Yemen,Abyan,5.822127267692879,2.596294448000009,21.010500358951802,46.82845601833334,74.23047508814362,44.55790401166669,3.6268082940882076,2.8985690526666676
Yemen,Sana'a,34.92000899378719,17.07331808033334,16.868870382882253,5.6439877163333305,12.342100819461582,16.845441294000025,19.696991385954274,4.398879685666672
Yemen,Shabwah,13.174195420423628,4.444201837666667,26.107334907206653,3.244700456666672,7.714492553143281,1.3357405279999992,5.437563373573952,3.9921516739999983
