Split,,Split 1,Split 1,Split 10,Split 10,Split 2,Split 2,Split 3,Split 3,Split 4,Split 4,Split 5,Split 5,Split 6,Split 6,Split 7,Split 7,Split 8,Split 8,Split 9,Split 9
Type,,mse_model,mse_naive,mse_model,mse_naive,mse_model,mse_naive,mse_model,mse_naive,mse_model,mse_naive,mse_model,mse_naive,mse_model,mse_naive,mse_model,mse_naive,mse_model,mse_naive,mse_model,mse_naive
Country,AdminStrata,,,,,,,,,,,,,,,,,,,,
Yemen,Abyan,44.355804835565934,4.922155269333328,10.148978900666519,2.596294448000009,48.357701856105756,1.684033752666667,7.595226203026579,5.79697053633333,5.964801810912851,4.175584415999996,13.349070608238016,17.76509441333335,2.9858129057640266,3.8405135483333455,23.149922551956745,46.82845601833334,49.37835071859161,44.55790401166669,3.176964654052928,2.8985690526666676
Yemen,Al Dhale'e,10.054257510338836,42.68095542733334,6.45597995540358,5.162300602999998,11.53081531807475,15.453605342999994,6.2424809109657025,2.3024654526666626,51.3503873015276,88.45986654633334,3.3225776878294035,29.20808611200002,12.469450251976818,11.551643294666672,25.4123769031072,3.045780589333332,57.460193680930175,17.157256102333307,20.162738234954894,5.4421651806666524
Yemen,Sana'a,8.743084080567227,10.686532293999994,30.03733506633896,17.07331808033334,3.6136906233230532,5.401822036666668,40.647058635247,29.886840299666666,63.90637830187765,5.409960338,101.42409046606507,11.124161797666671,16.759544866442447,83.40023473633333,30.56769118676028,5.6439877163333305,31.517119787163427,16.845441294000025,7.574647316277213,4.398879685666672
Yemen,Shabwah,10.986193979773061,27.671451829666694,10.052788336408021,4.444201837666667,5.068731807128871,2.0801839356666663,2.384935367539451,1.2182905906666668,3.9678076057315974,12.151239950999996,29.748252382611536,28.705234426333323,17.683286397997254,10.98732346533332,22.733874891960774,3.244700456666672,13.177951953631316,1.3357405279999992,5.580204799393305,3.9921516739999983
