Split,,Split 10,Split 10,Split 7,Split 7,Split 8,Split 8,Split 9,Split 9
Type,,mse_model,mse_naive,mse_model,mse_naive,mse_model,mse_naive,mse_model,mse_naive
Country,AdminStrata,,,,,,,,
Yemen,Al Bayda,2.828971051937582,2.2967273650000006,61.03236103340406,6.401659931000001,18.325845899459825,6.163460958333335,10.456684253324731,5.561421470999992
Yemen,Lahj,35.49416633992485,45.01425376500002,3.8866232066015463,2.271763158999993,55.739128132954036,63.65612613266665,6.35095769020371,55.8045075076667
Yemen,Marib,25.471926444051633,4.2594913126666665,18.076728922015935,9.48453419033333,12.20364726460564,2.1991737229999986,13.869114248890657,43.45955882199998
