Split,,Split 10,Split 10,Split 8,Split 8,Split 9,Split 9
Type,,mse_model,mse_naive,mse_model,mse_naive,mse_model,mse_naive
Country,AdminStrata,,,,,,
Yemen,Aden,65.06115551649613,32.17564816566664,4.217198410933128,17.523471242333333,40.08496865132419,25.670935506666662
Yemen,Al Bayda,3.80362575253333,2.2967273650000006,6.870744836793678,6.163460958333335,14.134923104537497,5.561421470999992
Yemen,Amran,18.128139808932264,2.7976126026666583,22.55188712354275,37.670847411333334,3.1368843477552755,3.963387535666662
Yemen,Dhamar,4.933016576448336,14.684593350666683,0.7994650546619384,1.2082467566666668,8.885947625461352,6.138819648333333
Yemen,Hajjah,33.82468760360761,37.20455881133333,7.077279652306279,7.456721025333334,15.20437910806411,14.221024356999996
Yemen,Lahj,32.40397648079053,45.01425376500002,52.98946190951232,63.65612613266665,6.846927559088855,55.8045075076667
Yemen,Marib,3.047670856518999,4.2594913126666665,3.604457985309469,2.1991737229999986,16.233177309704523,43.45955882199998
