Split,,Split 1,Split 1,Split 2,Split 2,Split 3,Split 3,Split 4,Split 4,Split 5,Split 5
Type,,mse_model,mse_naive,mse_model,mse_naive,mse_model,mse_naive,mse_model,mse_naive,mse_model,mse_naive
Country,AdminStrata,,,,,,,,,,
Burkina Faso,Cascades,63.99023672392902,74.1866736260954,16.470440273430786,80.51014685567226,103.99233792760855,31.72367092590971,10.587608897657903,41.799468331554024,107.936652144623,9.265621238129304
Burkina Faso,Centre,5.146834960383573,2.4929829642425143,3.9823085618487695,5.110101629610594,154.22094050408708,107.88335082196262,36.86225912704701,70.77068460623887,11.358760770476398,21.054796227659413
Burkina Faso,Centre-Sud,13.643344622896047,14.278366599927763,16.5611881263437,13.122780456242408,29.742872278176357,4.638876428968955,3.3862152527280154,4.3734394504625635,4.311975409710659,12.394403614376234
Burkina Faso,Est,10.582717210970564,4.2422533466107435,38.80617051593822,24.143477514495753,9.927590345028637,63.05832945833424,53.08685510604736,58.718139921751266,9.344082955966446,85.13795875411225
Burkina Faso,Hauts-Bassins,4.854708012372921,4.368272747194313,6.119328222510034,11.145014162560459,6.395503892742018,20.0420712149077,13.949563260724721,4.3604704538679915,103.09887657238549,28.469101817041985
Burkina Faso,Sahel,8.891752671619914,5.440710273681868,43.719568149887806,45.45860642885075,25.323266190513355,31.538421962778212,28.833381991931216,61.771289506288035,45.50719846438366,7.515263024973247
Burkina Faso,Sud-Ouest,8.698498432766021,25.684917046170952,15.620488660123895,12.265022131502981,12.71738825938916,9.605220329188107,37.06549897454768,17.807908923171148,32.845275397534834,17.70471258055301
