Split,,Split 1,Split 1,Split 2,Split 2,Split 3,Split 3,Split 4,Split 4,Split 5,Split 5
Type,,mse_model,mse_naive,mse_model,mse_naive,mse_model,mse_naive,mse_model,mse_naive,mse_model,mse_naive
Country,AdminStrata,,,,,,,,,,
Cameroon,Adamawa,5.113868612654978,1.758396243498726,15.84458709552633,4.782123666720635,7.976658078152258,4.44262119976777,35.51900925988928,17.365746910239075,12.042009808967817,8.594197137735051
Cameroon,Central,24.604150947201507,5.0503794542523055,35.712313827936086,50.61587509502683,11.12540343995482,14.749616014794883,35.96026419501015,33.69206845151043,22.28160022975491,41.816042541722354
Cameroon,East,5.795950157667394,5.8715326077653405,12.840925299982366,32.05349028403483,6.250047547176404,7.400967032250448,131.11297669500405,154.6195550738934,15.419460947760289,35.91802910066749
Cameroon,Far-North,3.3136334708926034,7.116255129829351,67.90719346565362,50.80324983515787,17.880016392153777,17.22139022820313,97.31992479835694,54.95168001130261,3.1012397909737843,2.5401681650069734
Cameroon,Littoral,15.879893098441778,7.030473959647315,5.903193041331933,7.694908155650115,31.722743591196554,56.34596882556752,11.176254760674992,4.357048055754913,15.855487248469514,19.65302386144762
Cameroon,North-West,19.039234422061416,15.18921005379196,44.57493339422761,20.575601338725708,14.20426230672071,19.540254764548305,15.023604659563974,5.299826788172746,36.8152908983903,22.172021274547436
Cameroon,South-West,4.61734313440667,1.427965647006244,54.47172953887231,3.304795429968021,30.903857956164234,31.76158478572033,17.220504619968658,22.856370136226,74.32019263268224,57.08434315306589
