"Year","Month","Dekad","NDVI Anomaly"
2020,1,1,N/A,
2020,1,2,104.066770491687
2020,1,3,103.226889304452
2020,2,1,102.902061662567
2020,2,2,102.744153819925
2020,2,3,102.539017684167
2020,3,1,102.351632147502
2020,3,2,102.772413301054
2020,3,3,103.422739821578
2020,4,1,103.159786896815
2020,4,2,100.606543369326
2020,4,3,99.2339076843817
2020,5,1,98.3268463687529
2020,5,2,97.8256670267694
2020,5,3,97.2042773348143
2020,6,1,97.328514284907
2020,6,2,97.5044454071302
2020,6,3,97.5487633994393
2020,7,1,97.2852327115863
2020,7,2,98.2232720482277
2020,7,3,99.0893320331684
2020,8,1,99.3352055507448
2020,8,2,99.102705994978
2020,8,3,98.9313868661577
2020,9,1,99.2688796808811
2020,9,2,100.647151565593
2020,9,3,101.500575396452
2020,10,1,102.896442131892
2020,10,2,104.725498598319
2020,10,3,107.642384819577
2020,11,1,106.564783540424
2020,11,2,104.970050852614
2020,11,3,102.74787332612
2020,12,1,103.26485109785
2020,12,2,103.988167240915
2020,12,3,104.503067742022
2021,1,1,105.744265412054
2021,1,2,106.511915092269
2021,1,3,107.721958251647
2021,2,1,108.925962463006
2021,2,2,N/A,
2021,2,3,N/A,
2021,3,1,N/A,
2021,3,2,N/A,
2021,3,3,N/A,
2021,4,1,N/A,
2021,4,2,N/A,
2021,4,3,N/A,
2021,5,1,N/A,
2021,5,2,N/A,
2021,5,3,N/A,
2021,6,1,N/A,
2021,6,2,N/A,
2021,6,3,N/A,
2021,7,1,N/A,
2021,7,2,N/A,
2021,7,3,N/A,
2021,8,1,N/A,
2021,8,2,N/A,
2021,8,3,N/A,
2021,9,1,N/A,
2021,9,2,N/A,
2021,9,3,N/A,
2021,10,1,N/A,
2021,10,2,N/A,
2021,10,3,N/A,
2021,11,1,N/A,
2021,11,2,N/A,
2021,11,3,N/A,
2021,12,1,N/A,
2021,12,2,N/A,
2021,12,3,N/A,