Split,,Split 1,Split 1,Split 2,Split 2,Split 3,Split 3,Split 4,Split 4,Split 5,Split 5
Type,,mse_model,mse_naive,mse_model,mse_naive,mse_model,mse_naive,mse_model,mse_naive,mse_model,mse_naive
Country,AdminStrata,,,,,,,,,,
Mali,Bamako,5.846411560373185,35.8093162238567,90.70873990996638,12.688159842506685,251.6519770771192,5.0168103870399765,197.42107946821497,12.10817349453997,25.377299045483838,3.25915400680668
Mali,Kayes,16.387029870738317,14.102631406659981,18.846084964557658,19.1854960934033,64.18140815077994,30.330377979530112,6.8665205519832035,10.158647220633275,25.489941243079112,20.976323579796766
Mali,Koulikoro,3.623178197570044,1.88214316055334,27.41241193444564,12.344303900193381,139.6122527809319,48.00274186874323,60.07417517883767,24.081040718333337,4.748077302050049,4.711016760700001
Mali,Mopti,75.41272662779002,18.728131325919954,40.83137616977878,89.36262622251671,339.5100012734146,49.3791368650499,219.6135962017074,6.454491903160103,6.861643321217281,7.725499503240002
Mali,Segou,10.390130521043615,7.234756011800011,62.71855857550183,30.790390330776745,103.79709467272956,4.632648508216657,106.96956446887921,5.989529546866708,9.696328865283537,12.068494129596608
Mali,Sikasso,20.86482517227886,90.82107599586695,7.783671797678335,5.896166476306661,8.25221319607171,12.772744962400028,29.12055792898639,16.96536097395668,55.620162894049116,47.66817347949659
Mali,Tombouctou-Taoudeni,275.55902017184184,120.13923897641006,478.70492719099974,440.6207228155366,68.66127140591055,210.85093679923978,38.32959101351703,21.160623942180017,256.8893396315704,94.96386040716676
