"Year","Month","Dekad","NDVI Anomaly"
2020,1,1,N/A,
2020,1,2,102.088928442564
2020,1,3,101.745078929695
2020,2,1,101.821660507847
2020,2,2,101.953476976245
2020,2,3,101.145552306792
2020,3,1,97.636043036911
2020,3,2,96.5519877389753
2020,3,3,96.3816309448158
2020,4,1,97.5377361905926
2020,4,2,102.562863283634
2020,4,3,107.21630482271
2020,5,1,113.169281709749
2020,5,2,119.571138205506
2020,5,3,129.43375316845
2020,6,1,131.893768279967
2020,6,2,131.185060004898
2020,6,3,127.895951569061
2020,7,1,123.507148673529
2020,7,2,127.41146035299
2020,7,3,134.580093919535
2020,8,1,149.350445947481
2020,8,2,151.54992527506
2020,8,3,151.470411805617
2020,9,1,149.519657695049
2020,9,2,142.378004958455
2020,9,3,135.619068514701
2020,10,1,128.982725795217
2020,10,2,123.558429920112
2020,10,3,116.737588102642
2020,11,1,113.939819380959
2020,11,2,112.089672013143
2020,11,3,110.726119336759
2020,12,1,110.926939953584
2020,12,2,110.741557617056
2020,12,3,110.308193214913
2021,1,1,109.446549919206
2021,1,2,109.448857414263
2021,1,3,108.786419600959
2021,2,1,108.400265962434
2021,2,2,N/A,
2021,2,3,N/A,
2021,3,1,N/A,
2021,3,2,N/A,
2021,3,3,N/A,
2021,4,1,N/A,
2021,4,2,N/A,
2021,4,3,N/A,
2021,5,1,N/A,
2021,5,2,N/A,
2021,5,3,N/A,
2021,6,1,N/A,
2021,6,2,N/A,
2021,6,3,N/A,
2021,7,1,N/A,
2021,7,2,N/A,
2021,7,3,N/A,
2021,8,1,N/A,
2021,8,2,N/A,
2021,8,3,N/A,
2021,9,1,N/A,
2021,9,2,N/A,
2021,9,3,N/A,
2021,10,1,N/A,
2021,10,2,N/A,
2021,10,3,N/A,
2021,11,1,N/A,
2021,11,2,N/A,
2021,11,3,N/A,
2021,12,1,N/A,
2021,12,2,N/A,
2021,12,3,N/A,