Split,,Split 1,Split 1,Split 2,Split 2,Split 3,Split 3,Split 4,Split 4,Split 5,Split 5
Type,,mse_model,mse_naive,mse_model,mse_naive,mse_model,mse_naive,mse_model,mse_naive,mse_model,mse_naive
Country,AdminStrata,,,,,,,,,,
Cameroon,Adamawa,2.7589094169408033,1.758396243498726,17.180564461380733,4.782123666720635,3.8896898445404626,4.44262119976777,33.0040606376381,17.365746910239075,8.708613934040388,8.594197137735051
Cameroon,Central,13.003588815877272,5.0503794542523055,81.30593913515993,50.61587509502683,5.526018353255721,14.749616014794883,31.503952037733708,33.69206845151043,26.037961552041292,41.816042541722354
Cameroon,East,12.563701464458308,5.8715326077653405,14.09498984940802,32.05349028403483,6.243433702155664,7.400967032250448,138.58733768811743,154.6195550738934,5.973515526522443,35.91802910066749
Cameroon,North,6.118965162591382,2.4827000070570358,23.027055337713406,4.220323474344548,52.6630538092804,32.98697918026634,38.17945994416732,33.02540720601765,21.730336774602566,23.11365494485687
Cameroon,North-West,9.195116458689812,15.18921005379196,42.80763424867319,20.575601338725708,6.283303454268639,19.540254764548305,9.339403161594607,5.299826788172746,71.78699708305605,22.172021274547436
Cameroon,South,33.17382131490636,5.186457105725484,41.53174006977119,9.16828296101461,13.445088026300247,10.214043773790127,48.958360321802196,67.61992987310546,3.3993784408791243,4.800441654246836
Cameroon,West,12.380357150982146,14.504815681191813,19.878893107438856,3.846523459092692,4.436191271533019,2.373153435100978,2.3993698841248916,2.392466958576792,10.65882788998843,3.85408932686945
