Split,,Split 1,Split 1,Split 2,Split 2,Split 3,Split 3,Split 4,Split 4,Split 5,Split 5
Type,,mse_model,mse_naive,mse_model,mse_naive,mse_model,mse_naive,mse_model,mse_naive,mse_model,mse_naive
Country,AdminStrata,,,,,,,,,,
Burkina Faso,Boucle-Du-Mouhoun,5.226460790299385,4.087612384331326,15.27450583825949,8.286108992307634,8.689260856753803,4.0789152938152204,1.8866712985364993,2.7627410213623853,15.021699444398148,3.547194691379882
Burkina Faso,Cascades,71.77022728191382,74.1866736260954,80.8492291457575,80.51014685567226,106.03487934180724,31.72367092590971,19.10568971015361,41.799468331554024,151.1816537601029,9.265621238129304
Burkina Faso,Centre,18.169175315080395,2.4929829642425143,6.741658545004724,5.110101629610594,120.53190824795335,107.88335082196262,48.19507750590314,70.77068460623887,30.33948521421951,21.054796227659413
Burkina Faso,Centre-Est,5.506359905071077,35.227466020517845,22.354280646101756,16.06194893339238,35.030179723141075,13.433354340538276,7.585903897380169,4.748616456199887,11.196060159040488,63.30767419271683
Burkina Faso,Centre-Sud,24.551842061409786,14.278366599927763,16.129655100427147,13.122780456242408,11.53524852168106,4.638876428968955,2.327424223856797,4.3734394504625635,6.457526016319534,12.394403614376234
Burkina Faso,Est,9.48501562529867,4.2422533466107435,35.441047479747326,24.143477514495753,11.261202062469946,63.05832945833424,65.44810678527584,58.718139921751266,11.167318876023918,85.13795875411225
Burkina Faso,Nord,55.48459622213147,25.08972420443188,33.06091647971007,66.7537735203755,92.25934092440738,51.8934201841615,35.87760215347352,13.38253404623258,14.508873119809047,11.338314611785451
