Split,,Split 1,Split 1,Split 2,Split 2,Split 3,Split 3,Split 4,Split 4,Split 5,Split 5
Type,,mse_model,mse_naive,mse_model,mse_naive,mse_model,mse_naive,mse_model,mse_naive,mse_model,mse_naive
Country,AdminStrata,,,,,,,,,,
Cameroon,Adamawa,12.176470441816141,1.758396243498726,12.63897823606586,4.782123666720635,5.939728278354575,4.44262119976777,27.313891240157474,17.365746910239075,11.854452827587444,8.594197137735051
Cameroon,East,12.697596283536598,5.8715326077653405,38.02934048551039,32.05349028403483,6.6395325029918,7.400967032250448,113.10670548057287,154.6195550738934,6.084582947964952,35.91802910066749
Cameroon,Far-North,2.963844214615094,7.116255129829351,56.98294785947416,50.80324983515787,50.83217930882555,17.22139022820313,51.659551131499825,54.95168001130261,2.1762225773118904,2.5401681650069734
Cameroon,Littoral,34.62610951051602,7.030473959647315,14.084550121964913,7.694908155650115,28.36256142471213,56.34596882556752,22.221200697668063,4.357048055754913,6.096432622144674,19.65302386144762
Cameroon,North,25.738567407612475,2.4827000070570358,3.9417715977895242,4.220323474344548,50.90433738504797,32.98697918026634,58.20206789679322,33.02540720601765,14.45703586060278,23.11365494485687
Cameroon,North-West,7.292893169019749,15.18921005379196,37.63927056651262,20.575601338725708,17.75420636722219,19.540254764548305,26.014500559121373,5.299826788172746,37.99817761740683,22.172021274547436
Cameroon,South-West,5.431933153195785,1.427965647006244,42.91492139727446,3.304795429968021,34.83196025345668,31.76158478572033,14.954159011369264,22.856370136226,84.3591219771022,57.08434315306589
