Split,,Split 10,Split 10,Split 7,Split 7,Split 8,Split 8,Split 9,Split 9
Type,,mse_model,mse_naive,mse_model,mse_naive,mse_model,mse_naive,mse_model,mse_naive
Country,AdminStrata,,,,,,,,
Yemen,Aden,46.047026906404774,32.17564816566664,3.92057325583401,7.273919183000001,3.3851995885640034,17.523471242333333,57.067762541270746,25.670935506666662
Yemen,Dhamar,3.574002374511449,14.684593350666683,4.623865917370039,15.441040092666649,1.2103203479086708,1.2082467566666668,8.823926706929724,6.138819648333333
Yemen,Hajjah,6.331527227317705,37.20455881133333,28.34926444236147,8.581480388666678,3.7187482031560473,7.456721025333334,8.707347738970697,14.221024356999996
