Split,,Split 10,Split 10,Split 8,Split 8,Split 9,Split 9
Type,,mse_model,mse_naive,mse_model,mse_naive,mse_model,mse_naive
Country,AdminStrata,,,,,,
Yemen,Al Jawf,3.361388246314796,3.3400319286666633,13.545801228702178,7.338583197,1.7214807828558973,3.184497876333326
Yemen,Al Maharah,0.7271859856669586,5.564978257333332,5.26215412323617,0.9830074050000004,24.313877783648365,4.846297276666671
Yemen,Amanat Al Asimah,9.143337140123638,5.071275303333338,16.543157317519015,2.638624234999997,1.4722490999143287,2.7874949703333396
Yemen,Dhamar,7.932164492719036,14.684593350666683,2.195783756385652,1.2082467566666668,7.184564766441996,6.138819648333333
Yemen,Lahj,63.58624249781771,45.01425376500002,68.70430469052812,63.65612613266665,19.25606000831772,55.8045075076667
Yemen,Sana'a,8.042118659022337,17.07331808033334,28.656911874489257,16.845441294000025,19.059477939590725,4.398879685666672
Yemen,Taizz,10.191096024977648,5.278926737333331,12.787118541875142,6.426532832666658,41.933040008035405,8.733890331333344
