Split,,Split 1,Split 1,Split 10,Split 10,Split 2,Split 2,Split 3,Split 3,Split 4,Split 4,Split 5,Split 5,Split 6,Split 6,Split 7,Split 7,Split 8,Split 8,Split 9,Split 9
Type,,mse_model,mse_naive,mse_model,mse_naive,mse_model,mse_naive,mse_model,mse_naive,mse_model,mse_naive,mse_model,mse_naive,mse_model,mse_naive,mse_model,mse_naive,mse_model,mse_naive,mse_model,mse_naive
Country,AdminStrata,,,,,,,,,,,,,,,,,,,,
Yemen,Al Maharah,21.35149527834523,9.758363800333335,10.449796959776396,5.564978257333332,4.144935284740404,18.68458769366666,7.88213051716225,2.997183777666666,15.385857972372628,47.122834289,106.41423771500597,73.95290620266665,15.162525540881166,25.85228751533334,3.486100494509551,6.416273113333332,4.255316345250207,0.9830074050000004,10.758573252899724,4.846297276666671
Yemen,Amanat Al Asimah,10.324640108907069,5.754784655333333,5.6411622673062825,5.071275303333338,40.24634213181756,26.686103176999968,3.4867668113764596,41.61378890999999,2.2494097951369505,1.1451406879999984,6.68930595755412,2.9255605103333346,25.64206026148469,52.05490845433333,7.122156299099463,54.57412832433333,10.15705794868066,2.638624234999997,1.6111153622671024,2.7874949703333396
Yemen,Dhamar,8.660797958459826,24.003583719333314,4.533783564014838,14.684593350666683,4.623929218232419,5.377755908666663,2.4706090749832077,6.251041738000003,3.445535286819613,33.1642737583333,10.77180289808565,20.231192954999997,27.26712991246866,32.776631042333356,16.804470984859215,15.441040092666649,3.9537809673821624,1.2082467566666668,6.746893923328719,6.138819648333333
Yemen,Taizz,28.756766702135245,18.50103891466666,14.401853017556432,5.278926737333331,13.009030207205154,25.193359481666654,1.4252180980885674,1.4573348320000001,63.529799803605236,76.02020506233337,68.85827102092786,107.08803269866661,13.456092769148936,25.07956218499998,12.152069463924137,3.435664708666668,4.418247172105551,6.426532832666658,21.637381394261215,8.733890331333344
