Split,,Split 1,Split 1,Split 2,Split 2,Split 3,Split 3,Split 4,Split 4,Split 5,Split 5
Type,,mse_model,mse_naive,mse_model,mse_naive,mse_model,mse_naive,mse_model,mse_naive,mse_model,mse_naive
Country,AdminStrata,,,,,,,,,,
Mali,Bamako,1.9364861222338492,35.8093162238567,86.91180140001147,12.688159842506685,203.08377962799327,5.0168103870399765,145.24646951239572,12.10817349453997,24.026672156722864,3.25915400680668
Mali,Kayes,13.883319099076031,14.102631406659981,12.62014881478498,19.1854960934033,58.65996174137141,30.330377979530112,3.2803964439305777,10.158647220633275,29.046730227168904,20.976323579796766
Mali,Koulikoro,2.8049769057363165,1.88214316055334,28.84264779728863,12.344303900193381,127.23958219395409,48.00274186874323,63.71006250385319,24.081040718333337,5.0510843759381965,4.711016760700001
Mali,Mopti,92.15988313678031,18.728131325919954,37.82248374363712,89.36262622251671,317.7502718256656,49.3791368650499,160.03238312119822,6.454491903160103,4.6341970834838015,7.725499503240002
Mali,Segou,14.064929855051384,7.234756011800011,58.04062325924853,30.790390330776745,83.02465435235189,4.632648508216657,81.9318372915098,5.989529546866708,11.774101118316652,12.068494129596608
Mali,Sikasso,21.865075069971358,90.82107599586695,8.905082645320013,5.896166476306661,7.524461505590584,12.772744962400028,25.478334260586262,16.96536097395668,51.052643832429276,47.66817347949659
Mali,Tombouctou-Taoudeni,267.02705875619574,120.13923897641006,418.15666838165333,440.6207228155366,73.91180715182672,210.85093679923978,44.02203280649056,21.160623942180017,271.87924208882566,94.96386040716676
