Split,,Split 1,Split 1,Split 2,Split 2,Split 3,Split 3,Split 4,Split 4,Split 5,Split 5
Type,,mse_model,mse_naive,mse_model,mse_naive,mse_model,mse_naive,mse_model,mse_naive,mse_model,mse_naive
Country,AdminStrata,,,,,,,,,,
Yemen,Al Bayda,2.453289738886907,24.073100139303236,14.111311927140097,54.98361384078676,59.96297765149463,9.161606203233331,31.874004218416072,7.246581364923334,5.361194220683673,21.862378982083285
Yemen,Al Dhale'e,18.653170736792433,11.317677782406669,18.87597794250053,3.708601608640023,12.496666107557047,6.128524721966664,3.5800177080694175,15.425820464050002,12.501505057202115,1.3156691610799707
Yemen,Al Hudaydah,32.263942634724984,21.65755425309328,31.396637544774247,89.46058622726669,11.419013820734849,1.3105106298266664,5.585986718430259,24.91440499274669,33.74168251382394,26.203551744913323
Yemen,Ibb,42.029098663309505,42.0928981760266,22.779863878256105,11.058035720060019,18.336487174366933,18.83375232121996,54.643529305705904,7.079667734763336,7.571411306820506,32.6879508799068
Yemen,Lahj,2.841168080697578,20.280499421683363,108.75311686057755,32.81789130904668,6.2262126823674055,9.850371526469987,16.21933536513806,21.38617592530664,9.096515411646513,13.852678768249996
Yemen,Marib,22.86846359455065,9.240289848616614,29.375854441264472,32.98862643273668,10.321635117551095,2.506912640273313,5.450271502062263,23.40917071720658,24.31015614582451,9.883425853286658
Yemen,Taizz,23.609668895889726,24.73830509946332,10.684994491761394,18.26499241221344,45.911656011915156,29.88663841537,19.94318642104728,19.64369838095667,0.8660252529501542,2.505120262206682
