batch_size,lags,epoch,val_loss,train_loss
128,3,10,0.009070654399693012,0.01020655422771012
128,3,10,0.007232588715851307,0.009655638253697526
