batch_size,lags,epoch,val_loss,train_loss
128,3,10,0.007137422449886799,0.008873290448770886
128,3,10,0.007252507843077183,0.00881598235069834
128,3,10,0.007583039812743664,0.009191624857267442
