"Year","Month","Dekad","NDVI Anomaly"
2020,1,1,N/A,
2020,1,2,100.364953863062
2020,1,3,98.9363618997815
2020,2,1,98.7104993972477
2020,2,2,98.7235503609536
2020,2,3,98.6984905876441
2020,3,1,98.4348834002686
2020,3,2,98.5359884840364
2020,3,3,98.6337287214645
2020,4,1,98.2589759990087
2020,4,2,96.9410243330591
2020,4,3,96.0436635899941
2020,5,1,94.5294750384488
2020,5,2,92.7935576596852
2020,5,3,89.5106951422378
2020,6,1,89.6264521833629
2020,6,2,90.9775996444227
2020,6,3,92.8828536818259
2020,7,1,95.8054854478182
2020,7,2,97.1980221238478
2020,7,3,98.0927598956254
2020,8,1,98.6304100490257
2020,8,2,99.6522730610312
2020,8,3,100.430315890082
2020,9,1,101.394678571749
2020,9,2,102.528786913013
2020,9,3,102.597137625057
2020,10,1,103.238289167118
2020,10,2,104.354415670651
2020,10,3,108.033895600469
2020,11,1,108.943216575458
2020,11,2,109.410217477235
2020,11,3,108.484877422338
2020,12,1,107.845156704358
2020,12,2,107.094797020747
2020,12,3,106.230537507223
2021,1,1,104.651012863132
2021,1,2,104.338290805387
2021,1,3,103.463800944824
2021,2,1,103.804178370581
2021,2,2,N/A,
2021,2,3,N/A,
2021,3,1,N/A,
2021,3,2,N/A,
2021,3,3,N/A,
2021,4,1,N/A,
2021,4,2,N/A,
2021,4,3,N/A,
2021,5,1,N/A,
2021,5,2,N/A,
2021,5,3,N/A,
2021,6,1,N/A,
2021,6,2,N/A,
2021,6,3,N/A,
2021,7,1,N/A,
2021,7,2,N/A,
2021,7,3,N/A,
2021,8,1,N/A,
2021,8,2,N/A,
2021,8,3,N/A,
2021,9,1,N/A,
2021,9,2,N/A,
2021,9,3,N/A,
2021,10,1,N/A,
2021,10,2,N/A,
2021,10,3,N/A,
2021,11,1,N/A,
2021,11,2,N/A,
2021,11,3,N/A,
2021,12,1,N/A,
2021,12,2,N/A,
2021,12,3,N/A,