Split,,Split 1,Split 1,Split 2,Split 2,Split 3,Split 3,Split 4,Split 4,Split 5,Split 5
Type,,mse_model,mse_naive,mse_model,mse_naive,mse_model,mse_naive,mse_model,mse_naive,mse_model,mse_naive
Country,AdminStrata,,,,,,,,,,
Yemen,Abyan,10.68495967459205,11.469778378336716,22.86940466359231,47.46333810923329,13.131112110971266,2.562262732823341,11.224212823224923,110.21395874266975,2.067715396085197,5.411622772159979
Yemen,Aden,7.459522597141165,1.4647204418233322,78.78752218660347,68.39958512455009,11.492563996941556,3.882130129389971,27.300467758756742,99.13222461866661,97.94410890430385,29.965145112486784
Yemen,Al Dhale'e,14.614419829309762,11.317677782406669,23.97278159337132,3.708601608640023,25.200854618185243,6.128524721966664,2.3163947948271177,15.425820464050002,7.805684870516395,1.3156691610799707
Yemen,Ibb,33.11880978500644,42.0928981760266,16.793483040658458,11.058035720060019,12.147985468400442,18.83375232121996,46.64889507938452,7.079667734763336,8.706379206861765,32.6879508799068
Yemen,Marib,29.60048832858984,9.240289848616614,23.52362790951236,32.98862643273668,6.266723837291597,2.506912640273313,1.761919844446258,23.40917071720658,17.224179971451644,9.883425853286658
Yemen,Sana'a,2.2372970755677333,23.94729784385991,3.4541814782251574,2.082498325223346,3.019161710036693,1.688795622669994,13.246568435642704,22.72457861398001,42.402556893344205,39.476056263123375
Yemen,Shabwah,15.058628004769627,2.9553599594333266,3.6562046710680183,1.7878127153599845,10.011801336339552,4.283264231343319,49.73093311788158,4.230045270373313,12.565330459018336,2.931534826369999
