"Year","Month","Dekad","NDVI Anomaly"
2020,1,1,N/A,
2020,1,2,104.442158530114
2020,1,3,102.932137848533
2020,2,1,102.362642743554
2020,2,2,101.925384413284
2020,2,3,101.445300108201
2020,3,1,100.116483915805
2020,3,2,99.9474347754328
2020,3,3,100.075541555936
2020,4,1,100.265883794139
2020,4,2,99.7209774874199
2020,4,3,99.2745835992786
2020,5,1,97.6938457423696
2020,5,2,95.4619553512398
2020,5,3,89.9699004302146
2020,6,1,88.2342107966479
2020,6,2,87.859076896665
2020,6,3,88.7879162143006
2020,7,1,91.8628413493871
2020,7,2,93.4099761391249
2020,7,3,94.7059064485305
2020,8,1,96.1591043357399
2020,8,2,97.1469948679382
2020,8,3,98.270050196317
2020,9,1,99.6652326022135
2020,9,2,101.951065657148
2020,9,3,102.978072131052
2020,10,1,104.425375006152
2020,10,2,106.083418160986
2020,10,3,109.309909563609
2020,11,1,109.432982562391
2020,11,2,109.080022269947
2020,11,3,108.332139273242
2020,12,1,108.902175834194
2020,12,2,109.504179809385
2020,12,3,109.935099233456
2021,1,1,109.197235056403
2021,1,2,108.525510898187
2021,1,3,107.083581192906
2021,2,1,107.724224216555
2021,2,2,N/A,
2021,2,3,N/A,
2021,3,1,N/A,
2021,3,2,N/A,
2021,3,3,N/A,
2021,4,1,N/A,
2021,4,2,N/A,
2021,4,3,N/A,
2021,5,1,N/A,
2021,5,2,N/A,
2021,5,3,N/A,
2021,6,1,N/A,
2021,6,2,N/A,
2021,6,3,N/A,
2021,7,1,N/A,
2021,7,2,N/A,
2021,7,3,N/A,
2021,8,1,N/A,
2021,8,2,N/A,
2021,8,3,N/A,
2021,9,1,N/A,
2021,9,2,N/A,
2021,9,3,N/A,
2021,10,1,N/A,
2021,10,2,N/A,
2021,10,3,N/A,
2021,11,1,N/A,
2021,11,2,N/A,
2021,11,3,N/A,
2021,12,1,N/A,
2021,12,2,N/A,
2021,12,3,N/A,