Split,,Split 10,Split 10,Split 8,Split 8,Split 9,Split 9
Type,,mse_model,mse_naive,mse_model,mse_naive,mse_model,mse_naive
Country,AdminStrata,,,,,,
Yemen,Abyan,22.629279787096333,2.596294448000009,28.608220223420403,44.55790401166669,60.39487300328308,2.8985690526666676
Yemen,Al Dhale'e,7.415984600823687,5.162300602999998,62.48343949451387,17.157256102333307,19.84240713502563,5.4421651806666524
Yemen,Al Mahwit,27.93744839387665,22.494486888666707,27.996112391173558,24.43446574899999,18.787505980857432,33.81299374733335
Yemen,Amran,12.134982606164762,2.7976126026666583,12.529397669912942,37.670847411333334,4.756504992266786,3.963387535666662
Yemen,Dhamar,3.6712280013192244,14.684593350666683,1.0134955694882044,1.2082467566666668,7.963092104386498,6.138819648333333
Yemen,Hajjah,19.112997945377913,37.20455881133333,4.708115708768031,7.456721025333334,29.375605137681045,14.221024356999996
Yemen,Sana'a,5.404149139190086,17.07331808033334,19.319518844144998,16.845441294000025,16.779248642566287,4.398879685666672
