Split,,Split 1,Split 1,Split 2,Split 2,Split 3,Split 3,Split 4,Split 4,Split 5,Split 5
Type,,mse_model,mse_naive,mse_model,mse_naive,mse_model,mse_naive,mse_model,mse_naive,mse_model,mse_naive
Country,AdminStrata,,,,,,,,,,
Nigeria,Adamawa,17.924965807223927,4.076101452550277,1.7177924381009366,2.030480040887858,4.476613490516588,16.226039994330872,72.4870409172302,51.50389510182486,3.296768398778925,4.76182008030247
Nigeria,Borno,63.08948004819976,63.37770870022163,62.0238001952303,22.03757982466042,187.5959841857621,47.10019651213445,13.952217255518045,19.285106519086167,15.121189331725226,6.2563976440841405
Nigeria,Yobe,16.263388429109817,18.13856352065368,13.921235617471686,3.009849701414529,77.38935606296205,78.66343674420206,118.05351241721341,11.731534540767269,25.17962747828003,19.84138437519284
