Split,,Split 1,Split 1,Split 10,Split 10,Split 2,Split 2,Split 3,Split 3,Split 4,Split 4,Split 5,Split 5,Split 6,Split 6,Split 7,Split 7,Split 8,Split 8,Split 9,Split 9
Type,,mse_model,mse_naive,mse_model,mse_naive,mse_model,mse_naive,mse_model,mse_naive,mse_model,mse_naive,mse_model,mse_naive,mse_model,mse_naive,mse_model,mse_naive,mse_model,mse_naive,mse_model,mse_naive
Country,AdminStrata,,,,,,,,,,,,,,,,,,,,
Yemen,Dhamar,9.244769295926778,24.003583719333314,1.8612387195489648,14.684593350666683,2.3305986997433368,5.377755908666663,3.4942839936939687,6.251041738000003,3.7602862913199626,33.1642737583333,27.898621590837458,20.231192954999997,34.19218091989337,32.776631042333356,13.94534699509088,15.441040092666649,2.388946993479867,1.2082467566666668,5.781203599891149,6.138819648333333
Yemen,Marib,23.58582704468666,6.153297788666667,20.64991453435893,4.2594913126666665,64.96377303811992,41.51063075333332,3.159491075054655,4.659636538000011,70.85198421709795,69.72843983733334,3.4295519066644524,14.703293091666664,24.710174348064935,44.57569544499996,40.62158946686206,9.48453419033333,6.244671740272348,2.1991737229999986,22.15010510503395,43.45955882199998
Yemen,Sa'ada,75.31109772516317,65.76361486166671,16.211150737742038,2.019507509666659,20.15372693095296,74.65053576199998,7.458718320623417,3.60111386866667,27.753568892598445,50.004383567,9.193696714732376,63.617063776666654,8.396365105178058,21.49456494499999,28.094428670805005,8.455596650000006,14.750989986544123,46.49622965733334,5.401895532742771,4.534820784000003
Yemen,Taizz,16.561036562398485,18.50103891466666,31.022004374532973,5.278926737333331,18.793410962999697,25.193359481666654,1.2801648264414842,1.4573348320000001,70.09386950363543,76.02020506233337,76.9853548088039,107.08803269866661,10.834709145588993,25.07956218499998,8.044213514520568,3.435664708666668,5.541715611392842,6.426532832666658,24.533076027282018,8.733890331333344
