"Year","Month","Dekad","NDVI Anomaly"
2020,1,1,N/A,
2020,1,2,101.203457408418
2020,1,3,100.527762814422
2020,2,1,99.8468723437445
2020,2,2,99.7046550845852
2020,2,3,100.025473171126
2020,3,1,100.613357769999
2020,3,2,100.775003252584
2020,3,3,101.126316044243
2020,4,1,101.378856173802
2020,4,2,100.849871312086
2020,4,3,100.073348971268
2020,5,1,99.9302964350055
2020,5,2,100.098524019186
2020,5,3,100.78239456067
2020,6,1,100.132311672529
2020,6,2,100.175265244737
2020,6,3,100.144297168748
2020,7,1,96.2989023654369
2020,7,2,95.7168714211248
2020,7,3,96.7821962506182
2020,8,1,102.146652135216
2020,8,2,107.075865465909
2020,8,3,113.156106570873
2020,9,1,119.085671379566
2020,9,2,124.037010445435
2020,9,3,123.057252507413
2020,10,1,121.911749420865
2020,10,2,120.250017101138
2020,10,3,117.179006415004
2020,11,1,115.22678487527
2020,11,2,113.884628495184
2020,11,3,112.006473212996
2020,12,1,111.40872970104
2020,12,2,110.395382270103
2020,12,3,109.750462345928
2021,1,1,108.116073303061
2021,1,2,107.055255732479
2021,1,3,105.738980729303
2021,2,1,106.031919862435
2021,2,2,N/A,
2021,2,3,N/A,
2021,3,1,N/A,
2021,3,2,N/A,
2021,3,3,N/A,
2021,4,1,N/A,
2021,4,2,N/A,
2021,4,3,N/A,
2021,5,1,N/A,
2021,5,2,N/A,
2021,5,3,N/A,
2021,6,1,N/A,
2021,6,2,N/A,
2021,6,3,N/A,
2021,7,1,N/A,
2021,7,2,N/A,
2021,7,3,N/A,
2021,8,1,N/A,
2021,8,2,N/A,
2021,8,3,N/A,
2021,9,1,N/A,
2021,9,2,N/A,
2021,9,3,N/A,
2021,10,1,N/A,
2021,10,2,N/A,
2021,10,3,N/A,
2021,11,1,N/A,
2021,11,2,N/A,
2021,11,3,N/A,
2021,12,1,N/A,
2021,12,2,N/A,
2021,12,3,N/A,