Split,,Split 1,Split 1,Split 2,Split 2,Split 3,Split 3,Split 4,Split 4,Split 5,Split 5
Type,,mse_model,mse_naive,mse_model,mse_naive,mse_model,mse_naive,mse_model,mse_naive,mse_model,mse_naive
Country,AdminStrata,,,,,,,,,,
Cameroon,Adamawa,14.5958909965538,1.758396243498726,13.408273044716209,4.782123666720635,6.3395517970877355,4.44262119976777,29.99308291341338,17.365746910239075,10.154042473657915,8.594197137735051
Cameroon,East,9.277008026240548,5.8715326077653405,45.07265691535313,32.05349028403483,7.867882478160075,7.400967032250448,111.22092875680733,154.6195550738934,6.5239591816350355,35.91802910066749
Cameroon,Littoral,42.43791964515196,7.030473959647315,10.3811942582377,7.694908155650115,11.385661803733893,56.34596882556752,18.931690964786064,4.357048055754913,11.864193387313504,19.65302386144762
Cameroon,North-West,28.46787106454842,15.18921005379196,37.208676777430036,20.575601338725708,8.129116231210237,19.540254764548305,17.891629650683637,5.299826788172746,38.70509649946475,22.172021274547436
Cameroon,South,37.82289606294513,5.186457105725484,6.525723924539643,9.16828296101461,12.570813771841237,10.214043773790127,58.86701746376965,67.61992987310546,5.639043435090736,4.800441654246836
Cameroon,South-West,3.142734579270611,1.427965647006244,33.73784937099366,3.304795429968021,43.15128863538372,31.76158478572033,15.01603049110432,22.856370136226,83.76900162825751,57.08434315306589
Cameroon,West,11.11274391711557,14.504815681191813,6.578540242457977,3.846523459092692,15.67384034120217,2.373153435100978,4.520886613054946,2.392466958576792,5.594539402549979,3.85408932686945
