Split,,Split 1,Split 1,Split 10,Split 10,Split 2,Split 2,Split 3,Split 3,Split 4,Split 4,Split 5,Split 5,Split 6,Split 6,Split 7,Split 7,Split 8,Split 8,Split 9,Split 9
Type,,mse_model,mse_naive,mse_model,mse_naive,mse_model,mse_naive,mse_model,mse_naive,mse_model,mse_naive,mse_model,mse_naive,mse_model,mse_naive,mse_model,mse_naive,mse_model,mse_naive,mse_model,mse_naive
Country,AdminStrata,,,,,,,,,,,,,,,,,,,,
Yemen,Al Dhale'e,27.216929464526963,42.68095542733334,10.169138136290861,5.162300602999998,8.366418001771388,15.453605342999994,3.155987641172379,2.3024654526666626,41.80514371671806,88.45986654633334,2.9263148541368884,29.20808611200002,2.8019126185414414,11.551643294666672,38.524721490934965,3.045780589333332,56.6373629224118,17.157256102333307,21.833066481241175,5.4421651806666524
Yemen,Dhamar,9.468766971390584,24.003583719333314,4.2313921128674,14.684593350666683,5.978276155980884,5.377755908666663,3.8793224800614308,6.251041738000003,9.306492198614613,33.1642737583333,6.9945265579444635,20.231192954999997,27.14831133595483,32.776631042333356,9.662955058740637,15.441040092666649,3.6636692486557294,1.2082467566666668,7.131523740377307,6.138819648333333
Yemen,Hajjah,23.282919789510206,4.842007422000001,9.588182137931181,37.20455881133333,3.0656180942607945,7.10332173,2.828831937389648,4.617786798333338,2.373529642959539,3.840325387666669,27.32394961677862,9.570490483999983,5.982068338561626,2.9473431650000004,32.83971990485111,8.581480388666678,12.67450763857242,7.456721025333334,32.60224634746308,14.221024356999996
Yemen,Taizz,17.144210820591088,18.50103891466666,20.486039669061135,5.278926737333331,10.756071743886059,25.193359481666654,1.718769457865851,1.4573348320000001,64.78535702122437,76.02020506233337,28.310893694766175,107.08803269866661,11.154554631923434,25.07956218499998,11.108120086676212,3.435664708666668,7.701688231944321,6.426532832666658,19.026636621354793,8.733890331333344
