Split,,Split 10,Split 10,Split 8,Split 8,Split 9,Split 9
Type,,mse_model,mse_naive,mse_model,mse_naive,mse_model,mse_naive
Country,AdminStrata,,,,,,
Yemen,Abyan,10.898575065356987,2.596294448000009,22.388471168163335,44.55790401166669,34.19514588671472,2.8985690526666676
Yemen,Al Jawf,5.009150526838486,3.3400319286666633,14.672848042975623,7.338583197,1.2528509942040846,3.184497876333326
Yemen,Al Maharah,1.4069359834127708,5.564978257333332,5.1334975727987455,0.9830074050000004,23.152016897181827,4.846297276666671
Yemen,Dhamar,7.344163992309958,14.684593350666683,1.1747812563820934,1.2082467566666668,6.712127273820022,6.138819648333333
Yemen,Lahj,52.75638175366834,45.01425376500002,84.01580857935762,63.65612613266665,23.328923527443795,55.8045075076667
Yemen,Sana'a,6.870168811757097,17.07331808033334,19.576896713068944,16.845441294000025,17.695476742905154,4.398879685666672
Yemen,Shabwah,3.372265946112912,4.444201837666667,0.9760452990761352,1.3357405279999992,2.5777136870520097,3.9921516739999983
