Split,,Split 1,Split 1,Split 2,Split 2,Split 3,Split 3,Split 4,Split 4,Split 5,Split 5
Type,,mse_model,mse_naive,mse_model,mse_naive,mse_model,mse_naive,mse_model,mse_naive,mse_model,mse_naive
Country,AdminStrata,,,,,,,,,,
Burkina Faso,Boucle-Du-Mouhoun,7.301287798626744,4.087612384331326,7.11452174212914,8.286108992307634,14.295144643165507,4.0789152938152204,3.237865150070137,2.7627410213623853,14.592497000493019,3.547194691379882
Burkina Faso,Centre,16.173243516752407,2.4929829642425143,2.11314451211288,5.110101629610594,142.7457386580605,107.88335082196262,59.477504699453426,70.77068460623887,17.63047160167796,21.054796227659413
Burkina Faso,Centre-Est,6.114860903837694,35.227466020517845,22.269581812327868,16.06194893339238,14.202805203808644,13.433354340538276,8.62825966030855,4.748616456199887,7.183321237487227,63.30767419271683
Burkina Faso,Est,24.472014674119304,4.2422533466107435,35.28384720204964,24.143477514495753,16.247305225261975,63.05832945833424,58.53641685592696,58.718139921751266,17.973428543549645,85.13795875411225
Burkina Faso,Nord,48.129901887568735,25.08972420443188,33.69468933303652,66.7537735203755,51.48745160857922,51.8934201841615,20.621229136509363,13.38253404623258,36.318456622219465,11.338314611785451
Burkina Faso,Plateau-Central,4.288873060720787,19.693517996433723,22.250358475659134,28.81164970836611,60.26033714191839,30.635504457507658,64.45478325516322,83.43484799594604,22.509240076303424,17.97538976618748
Burkina Faso,Sud-Ouest,16.53105375660754,25.684917046170952,5.585092303342202,12.265022131502981,26.599652825657582,9.605220329188107,46.7769350463545,17.807908923171148,43.47860122783837,17.70471258055301
