"Year","Month","Dekad","NDVI Anomaly"
2020,1,1,N/A,
2020,1,2,121.387747315497
2020,1,3,119.005314578395
2020,2,1,117.120408309913
2020,2,2,115.209464499171
2020,2,3,112.804463787784
2020,3,1,108.365822367657
2020,3,2,107.709290353239
2020,3,3,109.133126277643
2020,4,1,112.273960216998
2020,4,2,123.044121055557
2020,4,3,128.181854532368
2020,5,1,131.153007073499
2020,5,2,132.243804931883
2020,5,3,130.529889066763
2020,6,1,131.227024202319
2020,6,2,132.549662781069
2020,6,3,132.566137143305
2020,7,1,130.917238581436
2020,7,2,129.910157997621
2020,7,3,128.794323527474
2020,8,1,124.457338146127
2020,8,2,120.672282967997
2020,8,3,117.124150137523
2020,9,1,114.49658464352
2020,9,2,111.88932594732
2020,9,3,110.970794502243
2020,10,1,110.49508717356
2020,10,2,110.248887675526
2020,10,3,108.802903693887
2020,11,1,107.159700879834
2020,11,2,106.074204297433
2020,11,3,106.841911806748
2020,12,1,109.117842235538
2020,12,2,111.734744653152
2020,12,3,114.57014688595
2021,1,1,119.37938920476
2021,1,2,119.763400602584
2021,1,3,118.331639441236
2021,2,1,119.10252648905
2021,2,2,N/A,
2021,2,3,N/A,
2021,3,1,N/A,
2021,3,2,N/A,
2021,3,3,N/A,
2021,4,1,N/A,
2021,4,2,N/A,
2021,4,3,N/A,
2021,5,1,N/A,
2021,5,2,N/A,
2021,5,3,N/A,
2021,6,1,N/A,
2021,6,2,N/A,
2021,6,3,N/A,
2021,7,1,N/A,
2021,7,2,N/A,
2021,7,3,N/A,
2021,8,1,N/A,
2021,8,2,N/A,
2021,8,3,N/A,
2021,9,1,N/A,
2021,9,2,N/A,
2021,9,3,N/A,
2021,10,1,N/A,
2021,10,2,N/A,
2021,10,3,N/A,
2021,11,1,N/A,
2021,11,2,N/A,
2021,11,3,N/A,
2021,12,1,N/A,
2021,12,2,N/A,
2021,12,3,N/A,