Split,,Split 10,Split 10,Split 7,Split 7,Split 8,Split 8,Split 9,Split 9
Type,,mse_model,mse_naive,mse_model,mse_naive,mse_model,mse_naive,mse_model,mse_naive
Country,AdminStrata,,,,,,,,
Yemen,Abyan,46.13923204274469,2.596294448000009,37.108646347202814,46.82845601833334,73.64772366683732,44.55790401166669,9.134318388563434,2.8985690526666676
Yemen,Al Dhale'e,13.752488385051047,5.162300602999998,12.740797152681715,3.045780589333332,84.54158248071123,17.157256102333307,63.049351694349276,5.4421651806666524
Yemen,Sana'a,11.367336094413806,17.07331808033334,21.9524537675998,5.6439877163333305,18.8143197527196,16.845441294000025,11.065518738047086,4.398879685666672
