Split,,Split 1,Split 1,Split 2,Split 2,Split 3,Split 3,Split 4,Split 4,Split 5,Split 5
Type,,mse_model,mse_naive,mse_model,mse_naive,mse_model,mse_naive,mse_model,mse_naive,mse_model,mse_naive
Country,AdminStrata,,,,,,,,,,
Burkina Faso,Boucle-Du-Mouhoun,5.175499319488632,4.087612384331326,4.335357519160963,8.286108992307634,4.9165415531678915,4.0789152938152204,7.358937065128353,2.7627410213623853,23.165457045085567,3.547194691379882
Burkina Faso,Centre-Sud,16.880290090718116,14.278366599927763,24.494466385687605,13.122780456242408,10.286935303808312,4.638876428968955,5.175506162329156,4.3734394504625635,6.725701764364066,12.394403614376234
Burkina Faso,Hauts-Bassins,4.612628786542302,4.368272747194313,15.964901116192383,11.145014162560459,17.604694729865297,20.0420712149077,8.02927649801934,4.3604704538679915,93.93690666574906,28.469101817041985
Burkina Faso,Nord,37.25571071772035,25.08972420443188,34.886737361352196,66.7537735203755,79.77177756468187,51.8934201841615,10.785524091157374,13.38253404623258,8.09793174157844,11.338314611785451
Burkina Faso,Plateau-Central,4.4771700445716744,19.693517996433723,13.266280266249913,28.81164970836611,62.33338355355674,30.635504457507658,50.649571657402014,83.43484799594604,10.222493492664693,17.97538976618748
Burkina Faso,Sahel,4.649057178613447,5.440710273681868,54.66320759481538,45.45860642885075,22.257001699185682,31.538421962778212,47.39934041541694,61.771289506288035,39.62154734526771,7.515263024973247
Burkina Faso,Sud-Ouest,10.392622926884355,25.684917046170952,15.871829429827882,12.265022131502981,49.02972418723447,9.605220329188107,59.65608457309009,17.807908923171148,26.014516658358446,17.70471258055301
