"Year","Month","Dekad","NDVI Anomaly"
2020,1,1,N/A,
2020,1,2,102.113831205885
2020,1,3,101.046627088923
2020,2,1,100.946569151416
2020,2,2,101.01438326872
2020,2,3,101.011146532491
2020,3,1,101.051803953784
2020,3,2,101.44074391098
2020,3,3,101.923536300551
2020,4,1,101.853950391154
2020,4,2,101.065275500926
2020,4,3,100.651625787761
2020,5,1,100.453707755459
2020,5,2,100.370508750009
2020,5,3,98.7483360043121
2020,6,1,98.4819132514061
2020,6,2,98.5099607674456
2020,6,3,98.2909910757041
2020,7,1,96.2026794240305
2020,7,2,96.5733436031329
2020,7,3,97.4674774094435
2020,8,1,99.2801923709218
2020,8,2,99.7071275730462
2020,8,3,99.710090529711
2020,9,1,99.8229563008875
2020,9,2,100.417461471089
2020,9,3,101.299513571448
2020,10,1,102.739692843173
2020,10,2,104.556936122428
2020,10,3,107.781872258149
2020,11,1,107.665127457672
2020,11,2,107.1061162992
2020,11,3,106.105527969461
2020,12,1,106.317647898547
2020,12,2,106.494435545883
2020,12,3,106.724214816288
2021,1,1,106.852776684691
2021,1,2,106.782654256878
2021,1,3,106.80283230597
2021,2,1,107.91797595348
2021,2,2,N/A,
2021,2,3,N/A,
2021,3,1,N/A,
2021,3,2,N/A,
2021,3,3,N/A,
2021,4,1,N/A,
2021,4,2,N/A,
2021,4,3,N/A,
2021,5,1,N/A,
2021,5,2,N/A,
2021,5,3,N/A,
2021,6,1,N/A,
2021,6,2,N/A,
2021,6,3,N/A,
2021,7,1,N/A,
2021,7,2,N/A,
2021,7,3,N/A,
2021,8,1,N/A,
2021,8,2,N/A,
2021,8,3,N/A,
2021,9,1,N/A,
2021,9,2,N/A,
2021,9,3,N/A,
2021,10,1,N/A,
2021,10,2,N/A,
2021,10,3,N/A,
2021,11,1,N/A,
2021,11,2,N/A,
2021,11,3,N/A,
2021,12,1,N/A,
2021,12,2,N/A,
2021,12,3,N/A,