Split,,Split 1,Split 1,Split 2,Split 2,Split 3,Split 3,Split 4,Split 4,Split 5,Split 5
Type,,mse_model,mse_naive,mse_model,mse_naive,mse_model,mse_naive,mse_model,mse_naive,mse_model,mse_naive
Country,AdminStrata,,,,,,,,,,
Yemen,Abyan,1.8638516503040103,11.469778378336716,18.01265945595541,47.46333810923329,23.716838929542664,2.562262732823341,12.503072215032565,110.21395874266975,1.036268042388287,5.411622772159979
Yemen,Aden,7.536381170590881,1.4647204418233322,78.78953492865432,68.39958512455009,59.08902265957418,3.882130129389971,29.36676781091529,99.13222461866661,72.05073474215445,29.965145112486784
Yemen,Al Bayda,6.248274095590152,24.073100139303236,19.70040556687677,54.98361384078676,56.15092802955962,9.161606203233331,53.26468075499273,7.246581364923334,15.41046990971563,21.862378982083285
Yemen,Al Dhale'e,25.467111068209743,11.317677782406669,17.933860843475674,3.708601608640023,33.41864339499713,6.128524721966664,4.969488950421718,15.425820464050002,9.87656960622065,1.3156691610799707
Yemen,Sa'ada,7.8465259650364185,0.838345193939999,15.890116831865004,16.403091232449984,8.211877221622396,30.02156910792001,27.68287408225551,16.60408955584003,14.62406641114449,9.66938269100332
Yemen,Sana'a,4.49945557953624,23.94729784385991,7.481960560367442,2.082498325223346,2.683523852357786,1.688795622669994,16.021854423356647,22.72457861398001,45.372087713052885,39.476056263123375
Yemen,Shabwah,34.02818237250407,2.9553599594333266,1.4039448667604202,1.7878127153599845,28.80906796076869,4.283264231343319,43.68847748465662,4.230045270373313,8.81527331477687,2.931534826369999
