Split,,Split 1,Split 1,Split 2,Split 2,Split 3,Split 3,Split 4,Split 4,Split 5,Split 5
Type,,mse_model,mse_naive,mse_model,mse_naive,mse_model,mse_naive,mse_model,mse_naive,mse_model,mse_naive
Country,AdminStrata,,,,,,,,,,
Mali,Bamako,4.5303272235290315,35.8093162238567,91.712690030073,12.688159842506685,258.83636878535503,5.0168103870399765,197.31684961195327,12.10817349453997,25.00982924745279,3.25915400680668
Mali,Kayes,13.869720091114747,14.102631406659981,16.745749707844727,19.1854960934033,61.28993018160988,30.330377979530112,8.764288064484624,10.158647220633275,28.004777705594318,20.976323579796766
Mali,Koulikoro,1.569154480670942,1.88214316055334,25.974307948495024,12.344303900193381,144.18356024471893,48.00274186874323,85.74471762126909,24.081040718333337,3.3664635759364603,4.711016760700001
Mali,Mopti,84.21324824771754,18.728131325919954,22.651254803544802,89.36262622251671,332.8609501706482,49.3791368650499,186.06407273987205,6.454491903160103,2.871538273631003,7.725499503240002
Mali,Segou,11.64039024874619,7.234756011800011,58.18667685655576,30.790390330776745,111.79634610914893,4.632648508216657,87.17190521802299,5.989529546866708,10.347024118932978,12.068494129596608
Mali,Sikasso,25.284369828266865,90.82107599586695,8.751849125702103,5.896166476306661,9.716837370249811,12.772744962400028,27.30236756389595,16.96536097395668,48.987786128203204,47.66817347949659
Mali,Tombouctou-Taoudeni,257.9766049030698,120.13923897641006,442.8683014835905,440.6207228155366,70.89834677455211,210.85093679923978,42.71604401487016,21.160623942180017,272.16885843736264,94.96386040716676
