Split,,Split 1,Split 1,Split 2,Split 2,Split 3,Split 3,Split 4,Split 4,Split 5,Split 5
Type,,mse_model,mse_naive,mse_model,mse_naive,mse_model,mse_naive,mse_model,mse_naive,mse_model,mse_naive
Country,AdminStrata,,,,,,,,,,
Yemen,Abyan,9.211039469743262,11.469778378336716,27.26718321208432,47.46333810923329,37.68073537046298,2.562262732823341,21.523273723219184,110.21395874266975,4.679177205459102,5.411622772159979
Yemen,Al Mahwit,6.272814688596965,8.521512758513323,4.478676655896916,5.235963224606663,8.52614625183507,21.39344079657998,35.063076962023075,80.91255504618002,34.84234024211602,54.356285330786584
Yemen,Amanat Al Asimah,10.046094073342752,8.244186067113331,30.206687014458577,45.902763071940086,9.217674932344467,12.516855240946677,18.830010366229498,5.992745877569989,19.532735107657903,28.539069209460017
Yemen,Dhamar,5.130747221633256,4.764920786179998,65.70119623238251,65.31616424092678,41.43958647063986,56.50585310717013,45.1569150423124,44.61554383820651,32.38507580897785,54.01414809730677
Yemen,Marib,30.117803526063877,9.240289848616614,17.169825105385154,32.98862643273668,15.997338452797617,2.506912640273313,4.542981104242554,23.40917071720658,20.168307875442782,9.883425853286658
Yemen,Sa'ada,5.065289684034789,0.838345193939999,12.408096412512513,16.403091232449984,3.315377034996777,30.02156910792001,25.887136271622364,16.60408955584003,7.940130869053464,9.66938269100332
Yemen,Shabwah,23.849855196407486,2.9553599594333266,3.681890752883274,1.7878127153599845,27.407865480133545,4.283264231343319,37.494345915467086,4.230045270373313,14.538385012576205,2.931534826369999
