"Year","Month","Dekad","NDVI Anomaly"
2020,1,1,N/A,
2020,1,2,123.380737878208
2020,1,3,121.267313905206
2020,2,1,121.072258208193
2020,2,2,121.401030232013
2020,2,3,120.922359762944
2020,3,1,117.103704405719
2020,3,2,115.339835211317
2020,3,3,115.594769995723
2020,4,1,117.306971864898
2020,4,2,123.072259946344
2020,4,3,125.635087565184
2020,5,1,127.177704576743
2020,5,2,127.71599956657
2020,5,3,127.058433740562
2020,6,1,127.643174418489
2020,6,2,129.417882254105
2020,6,3,130.11938000983
2020,7,1,128.708385872764
2020,7,2,126.010349493068
2020,7,3,125.104897301762
2020,8,1,128.812330120463
2020,8,2,129.476421417977
2020,8,3,127.727541888076
2020,9,1,125.89130755442
2020,9,2,123.501029736602
2020,9,3,122.022539477151
2020,10,1,119.77839280398
2020,10,2,117.23073111477
2020,10,3,111.452169815052
2020,11,1,108.933572900703
2020,11,2,107.519428377562
2020,11,3,108.990808144662
2020,12,1,111.244983659375
2020,12,2,112.711006383386
2020,12,3,112.817840852047
2021,1,1,110.295032783565
2021,1,2,108.851171603166
2021,1,3,108.37833309272
2021,2,1,109.408119305332
2021,2,2,N/A,
2021,2,3,N/A,
2021,3,1,N/A,
2021,3,2,N/A,
2021,3,3,N/A,
2021,4,1,N/A,
2021,4,2,N/A,
2021,4,3,N/A,
2021,5,1,N/A,
2021,5,2,N/A,
2021,5,3,N/A,
2021,6,1,N/A,
2021,6,2,N/A,
2021,6,3,N/A,
2021,7,1,N/A,
2021,7,2,N/A,
2021,7,3,N/A,
2021,8,1,N/A,
2021,8,2,N/A,
2021,8,3,N/A,
2021,9,1,N/A,
2021,9,2,N/A,
2021,9,3,N/A,
2021,10,1,N/A,
2021,10,2,N/A,
2021,10,3,N/A,
2021,11,1,N/A,
2021,11,2,N/A,
2021,11,3,N/A,
2021,12,1,N/A,
2021,12,2,N/A,
2021,12,3,N/A,