Split,,Split 10,Split 10,Split 7,Split 7,Split 8,Split 8,Split 9,Split 9
Type,,mse_model,mse_naive,mse_model,mse_naive,mse_model,mse_naive,mse_model,mse_naive
Country,AdminStrata,,,,,,,,
Yemen,Dhamar,3.22401438896948,14.684593350666683,19.22714288518796,15.441040092666649,2.0416825949661708,1.2082467566666668,5.483383851730878,6.138819648333333
Yemen,Hajjah,5.006835857952713,37.20455881133333,33.41622739190951,8.581480388666678,7.580570616853233,7.456721025333334,10.003862121324268,14.221024356999996
Yemen,Taizz,29.383102283456154,5.278926737333331,8.04977786839665,3.435664708666668,8.459090525368316,6.426532832666658,17.217323730632195,8.733890331333344
