Split,,Split 1,Split 1,Split 2,Split 2,Split 3,Split 3,Split 4,Split 4,Split 5,Split 5
Type,,mse_model,mse_naive,mse_model,mse_naive,mse_model,mse_naive,mse_model,mse_naive,mse_model,mse_naive
Country,AdminStrata,,,,,,,,,,
Syria,Al-Hasakeh,5.418785185875126,2.7565354383333376,27.186879557834725,8.605649517999995,6.69276649754093,1.5706915453333317,11.017993163112605,10.831546161999993,42.389477550777706,37.18248264299996
Syria,Ar-Raqqa,5.556467109397059,5.7269622863333325,38.664240903568995,29.18105003233332,10.728641522938482,19.291582502333327,120.66393537701916,129.85659890366676,32.90395357320432,19.99027646666663
Syria,Damascus,7.557703875233525,0.9678645936666669,217.07847384245417,199.91481670199997,41.534340537938206,20.734936324333326,7.270400876675094,15.534294123666657,63.46002897760103,41.91721978633344
Syria,Dar'a,9.652253504311433,15.511775825666662,53.436355132252615,67.80867061699999,38.075636062886495,54.680205187000034,13.156396988226382,19.517479015333304,50.61670343989762,29.621680870333314
Syria,Deir-ez-Zor,25.369451760645706,31.717659926666702,7.873185519732025,7.86715528100001,66.5529253853199,31.638379220666685,83.78762280378714,107.92616638233328,19.56111929227388,14.979016266333325
Syria,Homs,32.645280740543114,105.69736151866665,8.331469349086305,7.9317398093333304,6.498470696223601,6.4658008406666605,9.666633847407619,19.377250979666673,12.545081814699266,14.549816721000044
Syria,Rural Damascus,87.57098097091557,135.95320468566663,16.99805283421465,109.52204350899994,14.117748883174169,5.468517632999989,1.1995535426071788,6.765383777999994,6.374675302172795,14.018593764000007
