Split,,Split 1,Split 1,Split 2,Split 2,Split 3,Split 3,Split 4,Split 4,Split 5,Split 5
Type,,mse_model,mse_naive,mse_model,mse_naive,mse_model,mse_naive,mse_model,mse_naive,mse_model,mse_naive
Country,AdminStrata,,,,,,,,,,
Mali,Bamako,4.534914631262094,35.8093162238567,82.80497816033534,12.688159842506685,257.12561782332847,5.0168103870399765,167.92889138652123,12.10817349453997,20.34655018029325,3.25915400680668
Mali,Kayes,17.415498430165783,14.102631406659981,15.77493199253565,19.1854960934033,64.5029402169155,30.330377979530112,5.634068987485857,10.158647220633275,24.188744367313685,20.976323579796766
Mali,Koulikoro,3.835749548508067,1.88214316055334,26.429510362049303,12.344303900193381,135.3278805068845,48.00274186874323,55.5483223951528,24.081040718333337,3.8118817047672793,4.711016760700001
Mali,Mopti,78.36500240979278,18.728131325919954,52.8923611353332,89.36262622251671,377.14370346486595,49.3791368650499,187.27964215732726,6.454491903160103,4.280270072292918,7.725499503240002
Mali,Segou,10.614546707967234,7.234756011800011,58.086272480695094,30.790390330776745,93.63578627471993,4.632648508216657,71.70188920393633,5.989529546866708,12.686155856304767,12.068494129596608
Mali,Sikasso,24.71208900256226,90.82107599586695,5.975111350160178,5.896166476306661,8.470866409277452,12.772744962400028,27.20538574839978,16.96536097395668,47.47874095307954,47.66817347949659
Mali,Tombouctou-Taoudeni,277.66980832287777,120.13923897641006,449.7712112895163,440.6207228155366,95.46225870231727,210.85093679923978,44.14437345923027,21.160623942180017,251.69184203487796,94.96386040716676
