Split,,Split 1,Split 1,Split 2,Split 2,Split 3,Split 3,Split 4,Split 4,Split 5,Split 5
Type,,mse_model,mse_naive,mse_model,mse_naive,mse_model,mse_naive,mse_model,mse_naive,mse_model,mse_naive
Country,AdminStrata,,,,,,,,,,
Mali,Bamako,4.351316193924305,35.8093162238567,98.21311108542633,12.688159842506685,260.39433269745643,5.0168103870399765,163.62520280155138,12.10817349453997,19.77333517808011,3.25915400680668
Mali,Kayes,14.982710185355268,14.102631406659981,9.858757809768914,19.1854960934033,60.740684832033914,30.330377979530112,4.505450871177904,10.158647220633275,24.99579002849161,20.976323579796766
Mali,Koulikoro,4.780095043915415,1.88214316055334,27.288640669191974,12.344303900193381,145.40474171128352,48.00274186874323,64.62850049053426,24.081040718333337,4.2114716361736635,4.711016760700001
Mali,Mopti,82.71456048973053,18.728131325919954,30.597635829773196,89.36262622251671,356.53115703307657,49.3791368650499,169.84164148201802,6.454491903160103,3.365552991270188,7.725499503240002
Mali,Segou,11.229321505721916,7.234756011800011,56.13777119302402,30.790390330776745,111.430531015734,4.632648508216657,88.34448915380361,5.989529546866708,10.484118518096311,12.068494129596608
Mali,Sikasso,28.91047952856168,90.82107599586695,8.729160774534224,5.896166476306661,7.283429480522014,12.772744962400028,27.206002934064756,16.96536097395668,57.9843922769683,47.66817347949659
Mali,Tombouctou-Taoudeni,277.14534662606457,120.13923897641006,462.11067553190475,440.6207228155366,69.35857006833321,210.85093679923978,39.95669448348347,21.160623942180017,188.9837062282869,94.96386040716676
