Split,,Split 1,Split 1,Split 2,Split 2,Split 3,Split 3,Split 4,Split 4,Split 5,Split 5
Type,,mse_model,mse_naive,mse_model,mse_naive,mse_model,mse_naive,mse_model,mse_naive,mse_model,mse_naive
Country,AdminStrata,,,,,,,,,,
Syria,Al-Hasakeh,2.8897660986382396,2.7565354383333376,22.218165359626763,8.605649517999995,2.1630383994116253,1.5706915453333317,15.546961561877989,10.831546161999993,35.38079487422767,37.18248264299996
Syria,Aleppo,125.73286703145733,1.8064364353333404,26.446699438962696,3.3583412606666827,83.1116709168369,81.17110100466667,18.92781465039103,19.289415686999973,18.153786788275898,16.680909245666676
Syria,Ar-Raqqa,9.676485544873088,5.7269622863333325,38.80850818310764,29.18105003233332,13.556504070126199,19.291582502333327,134.27212037433307,129.85659890366676,39.443645275965764,19.99027646666663
Syria,Deir-ez-Zor,20.14286660158551,31.717659926666702,3.8297387648844112,7.86715528100001,21.009913473403184,31.638379220666685,72.54765282182517,107.92616638233328,14.975398331243785,14.979016266333325
Syria,Hama,34.23888030503105,88.48749057333333,8.326135554905733,8.320707287333358,11.19632053021755,10.58321529000001,18.416949398460815,19.31239148600001,4.414446071865587,14.09701934033331
Syria,Homs,28.898686289556572,105.69736151866665,10.35890449147416,7.9317398093333304,2.7161277592608593,6.4658008406666605,8.999964168103856,19.377250979666673,4.155310148466092,14.549816721000044
Syria,Tartous,9.757238567940298,8.00154923166667,21.199665215406352,16.487837574000007,17.084935655112943,54.151990828999985,10.169764370718799,52.151534075666724,95.46893239690294,34.60880998233335
