Split,,Split 10,Split 10,Split 8,Split 8,Split 9,Split 9
Type,,mse_model,mse_naive,mse_model,mse_naive,mse_model,mse_naive
Country,AdminStrata,,,,,,
Yemen,Al Dhale'e,13.471805019411331,5.162300602999998,60.06890111013565,17.157256102333307,19.749588287079224,5.4421651806666524
Yemen,Al Maharah,2.2408989435192668,5.564978257333332,5.774835716075606,0.9830074050000004,10.755735762863612,4.846297276666671
Yemen,Amran,9.23229248738637,2.7976126026666583,10.394371767338637,37.670847411333334,3.327465270464513,3.963387535666662
Yemen,Dhamar,5.765936885499479,14.684593350666683,2.8313184701379956,1.2082467566666668,7.946076340046043,6.138819648333333
Yemen,Hajjah,14.32266144751721,37.20455881133333,4.264028580995486,7.456721025333334,13.313305044547445,14.221024356999996
Yemen,Sana'a,3.962285199140213,17.07331808033334,22.257358441440527,16.845441294000025,20.609322584876576,4.398879685666672
Yemen,Taizz,18.560237258495018,5.278926737333331,17.339476388009043,6.426532832666658,29.030844599166834,8.733890331333344
