Split,,Split 1,Split 1,Split 10,Split 10,Split 2,Split 2,Split 3,Split 3,Split 4,Split 4,Split 5,Split 5,Split 6,Split 6,Split 7,Split 7,Split 8,Split 8,Split 9,Split 9
Type,,mse_model,mse_naive,mse_model,mse_naive,mse_model,mse_naive,mse_model,mse_naive,mse_model,mse_naive,mse_model,mse_naive,mse_model,mse_naive,mse_model,mse_naive,mse_model,mse_naive,mse_model,mse_naive
Country,AdminStrata,,,,,,,,,,,,,,,,,,,,
Yemen,Abyan,85.13788162477485,4.922155269333328,14.580346249282423,2.596294448000009,19.234819041825194,1.684033752666667,10.00913200520483,5.79697053633333,5.856588002135808,4.175584415999996,30.8993922448992,17.76509441333335,13.288260046896426,3.8405135483333455,19.716764383451398,46.82845601833334,63.358079028425394,44.55790401166669,2.090939312058319,2.8985690526666676
Yemen,Al Dhale'e,9.594221421676782,42.68095542733334,4.4182016899237535,5.162300602999998,6.986505187825679,15.453605342999994,5.424986295061723,2.3024654526666626,48.31220235483111,88.45986654633334,7.6434360943426585,29.20808611200002,4.1257959737452525,11.551643294666672,19.987906759497097,3.045780589333332,50.938706846468996,17.157256102333307,34.1408809666832,5.4421651806666524
Yemen,Dhamar,9.132528591505539,24.003583719333314,5.071933961377225,14.684593350666683,17.15165398460311,5.377755908666663,10.09825631825581,6.251041738000003,7.341388198685249,33.1642737583333,5.479699010371517,20.231192954999997,36.959183693372616,32.776631042333356,10.925344417829665,15.441040092666649,8.212310421828622,1.2082467566666668,8.144561714998012,6.138819648333333
Yemen,Hajjah,26.509727406750507,4.842007422000001,11.677408042435326,37.20455881133333,5.588668576160791,7.10332173,5.048862951215191,4.617786798333338,2.8984630762614545,3.840325387666669,29.803421202844696,9.570490483999983,8.523177337396216,2.9473431650000004,37.89765104192808,8.581480388666678,16.947331542668913,7.456721025333334,23.14692136172741,14.221024356999996
