Split,,Split 1,Split 1,Split 2,Split 2,Split 3,Split 3,Split 4,Split 4,Split 5,Split 5
Type,,mse_model,mse_naive,mse_model,mse_naive,mse_model,mse_naive,mse_model,mse_naive,mse_model,mse_naive
Country,AdminStrata,,,,,,,,,,
Burkina Faso,Cascades,55.83884450471708,74.1866736260954,41.16823904506978,80.51014685567226,90.99146713403351,31.72367092590971,10.728720357391266,41.799468331554024,103.25754852955303,9.265621238129304
Burkina Faso,Centre,17.179882524441815,2.4929829642425143,3.7502494609926034,5.110101629610594,95.91707860192976,107.88335082196262,50.257412291662845,70.77068460623887,14.964491952987062,21.054796227659413
Burkina Faso,Centre-Nord,12.607574501869722,7.684967635927752,14.534521487386552,13.236369633676754,33.65105442500428,5.359064817033622,129.55854561300563,8.050120832630007,49.91719468998893,51.40694978955064
Burkina Faso,Centre-Ouest,68.88382844371995,115.2270707275579,6.902492494985943,52.79818560257458,8.986621088067064,5.663564417005061,7.757486700884135,14.864263739033428,20.170663601278477,14.193121831005177
Burkina Faso,Nord,36.69934518939216,25.08972420443188,75.12217934979203,66.7537735203755,45.1991875036847,51.8934201841615,11.124231768128643,13.38253404623258,14.789282282322066,11.338314611785451
Burkina Faso,Plateau-Central,8.480845860271705,19.693517996433723,26.98360754476688,28.81164970836611,73.30771021379682,30.635504457507658,15.486284562801268,83.43484799594604,21.0462162655912,17.97538976618748
Burkina Faso,Sud-Ouest,16.00274464349318,25.684917046170952,16.41119916805209,12.265022131502981,9.513442278305906,9.605220329188107,34.235746211644106,17.807908923171148,35.41605926806968,17.70471258055301
