Split,,Split 1,Split 1,Split 10,Split 10,Split 2,Split 2,Split 3,Split 3,Split 4,Split 4,Split 5,Split 5,Split 6,Split 6,Split 7,Split 7,Split 8,Split 8,Split 9,Split 9
Type,,mse_model,mse_naive,mse_model,mse_naive,mse_model,mse_naive,mse_model,mse_naive,mse_model,mse_naive,mse_model,mse_naive,mse_model,mse_naive,mse_model,mse_naive,mse_model,mse_naive,mse_model,mse_naive
Country,AdminStrata,,,,,,,,,,,,,,,,,,,,
Yemen,Abyan,51.667321256162,4.922155269333328,26.662388308624816,2.596294448000009,29.910271370816538,1.684033752666667,12.894192898688182,5.79697053633333,7.757453511822064,4.175584415999996,32.280281711514924,17.76509441333335,7.9371093878040275,3.8405135483333455,32.22470476167288,46.82845601833334,65.89263489721199,44.55790401166669,5.038733920590614,2.8985690526666676
Yemen,Al Dhale'e,13.857563165326042,42.68095542733334,7.099260387235124,5.162300602999998,5.910453292332094,15.453605342999994,8.778205821342523,2.3024654526666626,60.89907449015581,88.45986654633334,14.771493635804628,29.20808611200002,5.469941405731542,11.551643294666672,20.656565427242825,3.045780589333332,53.01218764547399,17.157256102333307,40.965118285496146,5.4421651806666524
Yemen,Sa'ada,57.567919436386724,65.76361486166671,31.772474183591196,2.019507509666659,18.068858180548315,74.65053576199998,6.657831989344046,3.60111386866667,32.204280227220515,50.004383567,8.82649266362834,63.617063776666654,13.47651739115447,21.49456494499999,25.177121291695094,8.455596650000006,9.87015785325243,46.49622965733334,6.1379285550511895,4.534820784000003
Yemen,Sana'a,8.416920983583633,10.686532293999994,3.776370735116463,17.07331808033334,6.748530291006419,5.401822036666668,30.87548603569296,29.886840299666666,40.53152609019209,5.409960338,44.25127585543144,11.124161797666671,16.696490265775324,83.40023473633333,20.22213999159607,5.6439877163333305,16.782343327685034,16.845441294000025,17.635762870243774,4.398879685666672
