"Year","Month","Dekad","NDVI Anomaly"
2020,1,1,N/A,
2020,1,2,99.9670091647065
2020,1,3,99.3878435098525
2020,2,1,99.1191080742313
2020,2,2,99.2668621147564
2020,2,3,99.5293501916979
2020,3,1,99.1753628001379
2020,3,2,99.341181359624
2020,3,3,99.7183807271785
2020,4,1,100.312002427175
2020,4,2,100.701999522379
2020,4,3,100.977123744354
2020,5,1,100.185724752509
2020,5,2,98.6836517721809
2020,5,3,93.5287002621314
2020,6,1,91.4271607467832
2020,6,2,90.7295642352633
2020,6,3,91.3709128814235
2020,7,1,91.8074369845715
2020,7,2,92.1741283398786
2020,7,3,92.9412895139222
2020,8,1,95.0033311396973
2020,8,2,96.3580334207625
2020,8,3,97.9499062571858
2020,9,1,100.365118231878
2020,9,2,103.386766086015
2020,9,3,104.076496053518
2020,10,1,105.067413687289
2020,10,2,106.779433852731
2020,10,3,109.756131562457
2020,11,1,108.966040805658
2020,11,2,107.636932707355
2020,11,3,105.35516363
2020,12,1,105.630047291512
2020,12,2,105.645981852592
2020,12,3,105.705779391257
2021,1,1,105.135698984883
2021,1,2,104.518655280905
2021,1,3,103.659287734664
2021,2,1,104.490788890128
2021,2,2,N/A,
2021,2,3,N/A,
2021,3,1,N/A,
2021,3,2,N/A,
2021,3,3,N/A,
2021,4,1,N/A,
2021,4,2,N/A,
2021,4,3,N/A,
2021,5,1,N/A,
2021,5,2,N/A,
2021,5,3,N/A,
2021,6,1,N/A,
2021,6,2,N/A,
2021,6,3,N/A,
2021,7,1,N/A,
2021,7,2,N/A,
2021,7,3,N/A,
2021,8,1,N/A,
2021,8,2,N/A,
2021,8,3,N/A,
2021,9,1,N/A,
2021,9,2,N/A,
2021,9,3,N/A,
2021,10,1,N/A,
2021,10,2,N/A,
2021,10,3,N/A,
2021,11,1,N/A,
2021,11,2,N/A,
2021,11,3,N/A,
2021,12,1,N/A,
2021,12,2,N/A,
2021,12,3,N/A,