Split,,Split 1,Split 1,Split 2,Split 2,Split 3,Split 3,Split 4,Split 4,Split 5,Split 5
Type,,mse_model,mse_naive,mse_model,mse_naive,mse_model,mse_naive,mse_model,mse_naive,mse_model,mse_naive
Country,AdminStrata,,,,,,,,,,
Yemen,Al Jawf,6.8296726069442775,8.318477226116618,10.400099212812721,1.8249558792933516,13.069862359836186,23.96864279474334,1.396184558678834,5.972052654049971,4.199656507337206,2.508051633870003
Yemen,Al Maharah,3.339518428626674,3.263381460043329,17.324940609531254,13.625415652756658,71.99848221467484,15.147434601519997,3.6724339049902732,6.532452944473315,6.582572170232099,11.154116352419978
Yemen,Amanat Al Asimah,2.6418062183559115,8.244186067113331,39.4905000323181,45.902763071940086,1.327640013303733,12.516855240946677,38.0913660777271,5.992745877569989,15.314591650585292,28.539069209460017
Yemen,Dhamar,2.33697147939062,4.764920786179998,51.32878731517424,65.31616424092678,65.88890788867039,56.50585310717013,59.77298526912143,44.61554383820651,44.405300769378094,54.01414809730677
Yemen,Lahj,11.004847194590218,20.280499421683363,161.69771253345525,32.81789130904668,10.766291399428672,9.850371526469987,21.379632017155963,21.38617592530664,10.524780925430965,13.852678768249996
Yemen,Sana'a,8.998975846338412,23.94729784385991,3.8799158644539222,2.082498325223346,0.9385406894878243,1.688795622669994,10.616921316360996,22.72457861398001,45.01066967255953,39.476056263123375
Yemen,Taizz,41.314576314023526,24.73830509946332,18.315730287240527,18.26499241221344,37.02514589194313,29.88663841537,2.094429610475099,19.64369838095667,1.969661634875618,2.505120262206682
