Split,,Split 1,Split 1,Split 2,Split 2,Split 3,Split 3,Split 4,Split 4,Split 5,Split 5
Type,,mse_model,mse_naive,mse_model,mse_naive,mse_model,mse_naive,mse_model,mse_naive,mse_model,mse_naive
Country,AdminStrata,,,,,,,,,,
Syria,Al-Hasakeh,7.964695244270571,2.7565354383333376,18.18044091861994,8.605649517999995,3.693518998068163,1.5706915453333317,20.343548987322958,10.831546161999993,48.781391911530996,37.18248264299996
Syria,Aleppo,123.2309515412017,1.8064364353333404,5.809442589906107,3.3583412606666827,84.01342284890822,81.17110100466667,21.45721000087796,19.289415686999973,13.651463128953822,16.680909245666676
Syria,Ar-Raqqa,5.6321404109338635,5.7269622863333325,29.595492599084636,29.18105003233332,7.305446447600352,19.291582502333327,169.54563736980506,129.85659890366676,58.38767949977885,19.99027646666663
Syria,Deir-ez-Zor,31.163122897362403,31.717659926666702,5.571586362143824,7.86715528100001,16.981307804891657,31.638379220666685,50.17419542679269,107.92616638233328,15.736046212151301,14.979016266333325
Syria,Lattakia,17.813487537523955,15.77187503666667,45.37308171294818,58.93032990533332,11.508947638441994,15.24340208133332,49.967323379801904,27.671258493333326,16.533728534120943,26.38343811666667
Syria,Rural Damascus,66.2379961317922,135.95320468566663,20.496489065895034,109.52204350899994,2.665594612615398,5.468517632999989,3.1384379262895195,6.765383777999994,12.183562831215026,14.018593764000007
Syria,Tartous,14.93099190414318,8.00154923166667,25.137228195356517,16.487837574000007,39.03438705022777,54.151990828999985,9.735997197380375,52.151534075666724,71.76536535020774,34.60880998233335
